Date,Time,Vial#,Spl#,#Reps,Sample ID,Type,Mode,Area(cts),Mass(ugC),Conc (PPM as mg/L C),Method,InstrumentID,UserID,Comments
9-Mar-21,3:08:03 AM,-,1,1,Clean Up,CleanUp,TC,9708.352,0,0,DefaultCleanUpMethod,N221730082,toc,--
9-Mar-21,3:08:03 AM,-,1,Avg,Clean Up,CleanUp,TC,9708.352,0,0,DefaultCleanUpMethod,N221730082,toc,--
9-Mar-21,3:08:03 AM,-,1,StDev,Clean Up,CleanUp,TC,0,0,0,DefaultCleanUpMethod,N221730082,toc,--
9-Mar-21,3:08:03 AM,-,1,%RSD,Clean Up,CleanUp,TC,0,0,0,DefaultCleanUpMethod,N221730082,toc,--
9-Mar-21,3:31:39 AM,1,2,1,DI Blank,Sample,TOC,10832.151,0,0,"Caddy_DOC - Feb 04, 2020; 11-47-40 AM",N221730082,toc,--
9-Mar-21,3:31:39 AM,1,2,Avg,DI Blank,Sample,TOC,10832.151,0,0,"Caddy_DOC - Feb 04, 2020; 11-47-40 AM",N221730082,toc,--
9-Mar-21,3:31:39 AM,1,2,StDev,DI Blank,Sample,TOC,0,0,0,"Caddy_DOC - Feb 04, 2020; 11-47-40 AM",N221730082,toc,--
9-Mar-21,3:31:39 AM,1,2,%RSD,DI Blank,Sample,TOC,0,0,0,"Caddy_DOC - Feb 04, 2020; 11-47-40 AM",N221730082,toc,--
9-Mar-21,3:53:42 AM,2,3,1,TOC CAL BLANK,Sample,TOC,4322.116,0,0,"Caddy_DOC - Feb 04, 2020; 11-47-40 AM",N221730082,toc,CAL
9-Mar-21,3:53:42 AM,2,3,Avg,TOC CAL BLANK,Sample,TOC,4322.116,0,0,"Caddy_DOC - Feb 04, 2020; 11-47-40 AM",N221730082,toc,CAL
9-Mar-21,3:53:42 AM,2,3,StDev,TOC CAL BLANK,Sample,TOC,0,0,0,"Caddy_DOC - Feb 04, 2020; 11-47-40 AM",N221730082,toc,CAL
9-Mar-21,3:53:42 AM,2,3,%RSD,TOC CAL BLANK,Sample,TOC,0,0,0,"Caddy_DOC - Feb 04, 2020; 11-47-40 AM",N221730082,toc,CAL
9-Mar-21,4:13:49 AM,3,4,1,TOC CAL#1,Sample,TOC,6013.08,0,0,"Caddy_DOC - Feb 04, 2020; 11-47-40 AM",N221730082,toc,CAL
9-Mar-21,4:13:49 AM,3,4,Avg,TOC CAL#1,Sample,TOC,6013.08,0,0,"Caddy_DOC - Feb 04, 2020; 11-47-40 AM",N221730082,toc,CAL
9-Mar-21,4:13:49 AM,3,4,StDev,TOC CAL#1,Sample,TOC,0,0,0,"Caddy_DOC - Feb 04, 2020; 11-47-40 AM",N221730082,toc,CAL
9-Mar-21,4:13:49 AM,3,4,%RSD,TOC CAL#1,Sample,TOC,0,0,0,"Caddy_DOC - Feb 04, 2020; 11-47-40 AM",N221730082,toc,CAL
9-Mar-21,4:34:07 AM,4,5,1,TOC CAL#2,Sample,TOC,17201.576,0,0,"Caddy_DOC - Feb 04, 2020; 11-47-40 AM",N221730082,toc,CAL
9-Mar-21,4:34:07 AM,4,5,Avg,TOC CAL#2,Sample,TOC,17201.576,0,0,"Caddy_DOC - Feb 04, 2020; 11-47-40 AM",N221730082,toc,CAL
9-Mar-21,4:34:07 AM,4,5,StDev,TOC CAL#2,Sample,TOC,0,0,0,"Caddy_DOC - Feb 04, 2020; 11-47-40 AM",N221730082,toc,CAL
9-Mar-21,4:34:07 AM,4,5,%RSD,TOC CAL#2,Sample,TOC,0,0,0,"Caddy_DOC - Feb 04, 2020; 11-47-40 AM",N221730082,toc,CAL
9-Mar-21,4:56:57 AM,5,6,1,TOC CAL#3,Sample,TOC,31221.598,0,0,"Caddy_DOC - Feb 04, 2020; 11-47-40 AM",N221730082,toc,CAL
9-Mar-21,4:56:57 AM,5,6,Avg,TOC CAL#3,Sample,TOC,31221.598,0,0,"Caddy_DOC - Feb 04, 2020; 11-47-40 AM",N221730082,toc,CAL
9-Mar-21,4:56:57 AM,5,6,StDev,TOC CAL#3,Sample,TOC,0,0,0,"Caddy_DOC - Feb 04, 2020; 11-47-40 AM",N221730082,toc,CAL
9-Mar-21,4:56:57 AM,5,6,%RSD,TOC CAL#3,Sample,TOC,0,0,0,"Caddy_DOC - Feb 04, 2020; 11-47-40 AM",N221730082,toc,CAL
9-Mar-21,5:20:58 AM,6,7,1,TOC CAL#4,Sample,TOC,148873.481,0,0,"Caddy_DOC - Feb 04, 2020; 11-47-40 AM",N221730082,toc,CAL
9-Mar-21,5:20:58 AM,6,7,Avg,TOC CAL#4,Sample,TOC,148873.481,0,0,"Caddy_DOC - Feb 04, 2020; 11-47-40 AM",N221730082,toc,CAL
9-Mar-21,5:20:58 AM,6,7,StDev,TOC CAL#4,Sample,TOC,0,0,0,"Caddy_DOC - Feb 04, 2020; 11-47-40 AM",N221730082,toc,CAL
9-Mar-21,5:20:58 AM,6,7,%RSD,TOC CAL#4,Sample,TOC,0,0,0,"Caddy_DOC - Feb 04, 2020; 11-47-40 AM",N221730082,toc,CAL
9-Mar-21,5:47:43 AM,7,8,1,TOC CAL#5,Sample,TOC,293492.94,0,0,"Caddy_DOC - Feb 04, 2020; 11-47-40 AM",N221730082,toc,CAL
9-Mar-21,5:47:43 AM,7,8,Avg,TOC CAL#5,Sample,TOC,293492.94,0,0,"Caddy_DOC - Feb 04, 2020; 11-47-40 AM",N221730082,toc,CAL
9-Mar-21,5:47:43 AM,7,8,StDev,TOC CAL#5,Sample,TOC,0,0,0,"Caddy_DOC - Feb 04, 2020; 11-47-40 AM",N221730082,toc,CAL
9-Mar-21,5:47:43 AM,7,8,%RSD,TOC CAL#5,Sample,TOC,0,0,0,"Caddy_DOC - Feb 04, 2020; 11-47-40 AM",N221730082,toc,CAL
9-Mar-21,6:15:41 AM,8,9,1,DI Blank,Sample,TOC,1866.058,0,0,"Caddy_DOC - Feb 04, 2020; 11-47-40 AM",N221730082,toc,--
9-Mar-21,6:15:41 AM,8,9,Avg,DI Blank,Sample,TOC,1866.058,0,0,"Caddy_DOC - Feb 04, 2020; 11-47-40 AM",N221730082,toc,--
9-Mar-21,6:15:41 AM,8,9,StDev,DI Blank,Sample,TOC,0,0,0,"Caddy_DOC - Feb 04, 2020; 11-47-40 AM",N221730082,toc,--
9-Mar-21,6:15:41 AM,8,9,%RSD,DI Blank,Sample,TOC,0,0,0,"Caddy_DOC - Feb 04, 2020; 11-47-40 AM",N221730082,toc,--
9-Mar-21,6:32:43 AM,9,10,1,MDL,Sample,TOC,11573.634,0,0,"Caddy_DOC - Feb 04, 2020; 11-47-40 AM",N221730082,toc,QC
9-Mar-21,6:32:43 AM,9,10,Avg,MDL,Sample,TOC,11573.634,0,0,"Caddy_DOC - Feb 04, 2020; 11-47-40 AM",N221730082,toc,QC
9-Mar-21,6:32:43 AM,9,10,StDev,MDL,Sample,TOC,0,0,0,"Caddy_DOC - Feb 04, 2020; 11-47-40 AM",N221730082,toc,QC
9-Mar-21,6:32:43 AM,9,10,%RSD,MDL,Sample,TOC,0,0,0,"Caddy_DOC - Feb 04, 2020; 11-47-40 AM",N221730082,toc,QC
9-Mar-21,6:55:05 AM,10,11,1,RMV,Sample,TOC,45303.112,0,0,"Caddy_DOC - Feb 04, 2020; 11-47-40 AM",N221730082,toc,QC
9-Mar-21,6:55:05 AM,10,11,Avg,RMV,Sample,TOC,45303.112,0,0,"Caddy_DOC - Feb 04, 2020; 11-47-40 AM",N221730082,toc,QC
9-Mar-21,6:55:05 AM,10,11,StDev,RMV,Sample,TOC,0,0,0,"Caddy_DOC - Feb 04, 2020; 11-47-40 AM",N221730082,toc,QC
9-Mar-21,6:55:05 AM,10,11,%RSD,RMV,Sample,TOC,0,0,0,"Caddy_DOC - Feb 04, 2020; 11-47-40 AM",N221730082,toc,QC
9-Mar-21,7:19:27 AM,11,12,1,LCS-01,Sample,TOC,43469.067,0,0,"Caddy_DOC - Feb 04, 2020; 11-47-40 AM",N221730082,toc,QC
9-Mar-21,7:19:26 AM,11,12,Avg,LCS-01,Sample,TOC,43469.067,0,0,"Caddy_DOC - Feb 04, 2020; 11-47-40 AM",N221730082,toc,QC
9-Mar-21,7:19:26 AM,11,12,StDev,LCS-01,Sample,TOC,0,0,0,"Caddy_DOC - Feb 04, 2020; 11-47-40 AM",N221730082,toc,QC
9-Mar-21,7:19:26 AM,11,12,%RSD,LCS-01,Sample,TOC,0,0,0,"Caddy_DOC - Feb 04, 2020; 11-47-40 AM",N221730082,toc,QC
9-Mar-21,7:44:01 AM,12,13,1,LCS-02,Sample,TOC,218263.101,0,0,"Caddy_DOC - Feb 04, 2020; 11-47-40 AM",N221730082,toc,QC
9-Mar-21,7:44:01 AM,12,13,Avg,LCS-02,Sample,TOC,218263.101,0,0,"Caddy_DOC - Feb 04, 2020; 11-47-40 AM",N221730082,toc,QC
9-Mar-21,7:44:01 AM,12,13,StDev,LCS-02,Sample,TOC,0,0,0,"Caddy_DOC - Feb 04, 2020; 11-47-40 AM",N221730082,toc,QC
9-Mar-21,7:44:01 AM,12,13,%RSD,LCS-02,Sample,TOC,0,0,0,"Caddy_DOC - Feb 04, 2020; 11-47-40 AM",N221730082,toc,QC
9-Mar-21,8:11:29 AM,13,14,1,DI Blank,Sample,TOC,2020.937,0,0,"Caddy_DOC - Feb 04, 2020; 11-47-40 AM",N221730082,toc,--
9-Mar-21,8:11:29 AM,13,14,Avg,DI Blank,Sample,TOC,2020.937,0,0,"Caddy_DOC - Feb 04, 2020; 11-47-40 AM",N221730082,toc,--
9-Mar-21,8:11:29 AM,13,14,StDev,DI Blank,Sample,TOC,0,0,0,"Caddy_DOC - Feb 04, 2020; 11-47-40 AM",N221730082,toc,--
9-Mar-21,8:11:29 AM,13,14,%RSD,DI Blank,Sample,TOC,0,0,0,"Caddy_DOC - Feb 04, 2020; 11-47-40 AM",N221730082,toc,--
9-Mar-21,8:28:50 AM,14,15,1,G036,Sample,TOC,53928.036,0,0,"Caddy_DOC - Feb 04, 2020; 11-47-40 AM",N221730082,toc,DO13C
9-Mar-21,8:28:50 AM,14,15,Avg,G036,Sample,TOC,53928.036,0,0,"Caddy_DOC - Feb 04, 2020; 11-47-40 AM",N221730082,toc,DO13C
9-Mar-21,8:28:50 AM,14,15,StDev,G036,Sample,TOC,0,0,0,"Caddy_DOC - Feb 04, 2020; 11-47-40 AM",N221730082,toc,DO13C
9-Mar-21,8:28:50 AM,14,15,%RSD,G036,Sample,TOC,0,0,0,"Caddy_DOC - Feb 04, 2020; 11-47-40 AM",N221730082,toc,DO13C
9-Mar-21,8:53:48 AM,15,16,1,G029,Sample,TOC,54860.953,0,0,"Caddy_DOC - Feb 04, 2020; 11-47-40 AM",N221730082,toc,DO13C
9-Mar-21,8:53:48 AM,15,16,Avg,G029,Sample,TOC,54860.953,0,0,"Caddy_DOC - Feb 04, 2020; 11-47-40 AM",N221730082,toc,DO13C
9-Mar-21,8:53:48 AM,15,16,StDev,G029,Sample,TOC,0,0,0,"Caddy_DOC - Feb 04, 2020; 11-47-40 AM",N221730082,toc,DO13C
9-Mar-21,8:53:48 AM,15,16,%RSD,G029,Sample,TOC,0,0,0,"Caddy_DOC - Feb 04, 2020; 11-47-40 AM",N221730082,toc,DO13C
9-Mar-21,9:18:51 AM,16,17,1,G033,Sample,TOC,54655.107,0,0,"Caddy_DOC - Feb 04, 2020; 11-47-40 AM",N221730082,toc,DO13C
9-Mar-21,9:18:51 AM,16,17,Avg,G033,Sample,TOC,54655.107,0,0,"Caddy_DOC - Feb 04, 2020; 11-47-40 AM",N221730082,toc,DO13C
9-Mar-21,9:18:51 AM,16,17,StDev,G033,Sample,TOC,0,0,0,"Caddy_DOC - Feb 04, 2020; 11-47-40 AM",N221730082,toc,DO13C
9-Mar-21,9:18:51 AM,16,17,%RSD,G033,Sample,TOC,0,0,0,"Caddy_DOC - Feb 04, 2020; 11-47-40 AM",N221730082,toc,DO13C
9-Mar-21,9:43:50 AM,17,18,1,G068,Sample,TOC,66476.066,0,0,"Caddy_DOC - Feb 04, 2020; 11-47-40 AM",N221730082,toc,DO13C
9-Mar-21,9:43:50 AM,17,18,Avg,G068,Sample,TOC,66476.066,0,0,"Caddy_DOC - Feb 04, 2020; 11-47-40 AM",N221730082,toc,DO13C
9-Mar-21,9:43:50 AM,17,18,StDev,G068,Sample,TOC,0,0,0,"Caddy_DOC - Feb 04, 2020; 11-47-40 AM",N221730082,toc,DO13C
9-Mar-21,9:43:50 AM,17,18,%RSD,G068,Sample,TOC,0,0,0,"Caddy_DOC - Feb 04, 2020; 11-47-40 AM",N221730082,toc,DO13C
9-Mar-21,10:09:17 AM,18,19,1,G053,Sample,TOC,60059.808,0,0,"Caddy_DOC - Feb 04, 2020; 11-47-40 AM",N221730082,toc,DO13C
9-Mar-21,10:09:17 AM,18,19,Avg,G053,Sample,TOC,60059.808,0,0,"Caddy_DOC - Feb 04, 2020; 11-47-40 AM",N221730082,toc,DO13C
9-Mar-21,10:09:17 AM,18,19,StDev,G053,Sample,TOC,0,0,0,"Caddy_DOC - Feb 04, 2020; 11-47-40 AM",N221730082,toc,DO13C
9-Mar-21,10:09:17 AM,18,19,%RSD,G053,Sample,TOC,0,0,0,"Caddy_DOC - Feb 04, 2020; 11-47-40 AM",N221730082,toc,DO13C
9-Mar-21,10:34:24 AM,19,20,1,G024,Sample,TOC,217721.663,0,0,"Caddy_DOC - Feb 04, 2020; 11-47-40 AM",N221730082,toc,DO13C
9-Mar-21,10:34:24 AM,19,20,Avg,G024,Sample,TOC,217721.663,0,0,"Caddy_DOC - Feb 04, 2020; 11-47-40 AM",N221730082,toc,DO13C
9-Mar-21,10:34:24 AM,19,20,StDev,G024,Sample,TOC,0,0,0,"Caddy_DOC - Feb 04, 2020; 11-47-40 AM",N221730082,toc,DO13C
9-Mar-21,10:34:24 AM,19,20,%RSD,G024,Sample,TOC,0,0,0,"Caddy_DOC - Feb 04, 2020; 11-47-40 AM",N221730082,toc,DO13C
9-Mar-21,11:02:05 AM,20,21,1,G025,Sample,TOC,106488.124,0,0,"Caddy_DOC - Feb 04, 2020; 11-47-40 AM",N221730082,toc,DO13C
9-Mar-21,11:02:05 AM,20,21,Avg,G025,Sample,TOC,106488.124,0,0,"Caddy_DOC - Feb 04, 2020; 11-47-40 AM",N221730082,toc,DO13C
9-Mar-21,11:02:05 AM,20,21,StDev,G025,Sample,TOC,0,0,0,"Caddy_DOC - Feb 04, 2020; 11-47-40 AM",N221730082,toc,DO13C
9-Mar-21,11:02:05 AM,20,21,%RSD,G025,Sample,TOC,0,0,0,"Caddy_DOC - Feb 04, 2020; 11-47-40 AM",N221730082,toc,DO13C
9-Mar-21,11:28:22 AM,21,22,1,G020,Sample,TOC,169313.367,0,0,"Caddy_DOC - Feb 04, 2020; 11-47-40 AM",N221730082,toc,DO13C
9-Mar-21,11:28:22 AM,21,22,Avg,G020,Sample,TOC,169313.367,0,0,"Caddy_DOC - Feb 04, 2020; 11-47-40 AM",N221730082,toc,DO13C
9-Mar-21,11:28:22 AM,21,22,StDev,G020,Sample,TOC,0,0,0,"Caddy_DOC - Feb 04, 2020; 11-47-40 AM",N221730082,toc,DO13C
9-Mar-21,11:28:22 AM,21,22,%RSD,G020,Sample,TOC,0,0,0,"Caddy_DOC - Feb 04, 2020; 11-47-40 AM",N221730082,toc,DO13C
9-Mar-21,11:55:33 AM,22,23,1,G047,Sample,TOC,62920.627,0,0,"Caddy_DOC - Feb 04, 2020; 11-47-40 AM",N221730082,toc,DO13C
9-Mar-21,11:55:33 AM,22,23,Avg,G047,Sample,TOC,62920.627,0,0,"Caddy_DOC - Feb 04, 2020; 11-47-40 AM",N221730082,toc,DO13C
9-Mar-21,11:55:33 AM,22,23,StDev,G047,Sample,TOC,0,0,0,"Caddy_DOC - Feb 04, 2020; 11-47-40 AM",N221730082,toc,DO13C
9-Mar-21,11:55:33 AM,22,23,%RSD,G047,Sample,TOC,0,0,0,"Caddy_DOC - Feb 04, 2020; 11-47-40 AM",N221730082,toc,DO13C
9-Mar-21,12:20:50 PM,23,24,1,G030,Sample,TOC,54857.13,0,0,"Caddy_DOC - Feb 04, 2020; 11-47-40 AM",N221730082,toc,DO13C
9-Mar-21,12:20:50 PM,23,24,Avg,G030,Sample,TOC,54857.13,0,0,"Caddy_DOC - Feb 04, 2020; 11-47-40 AM",N221730082,toc,DO13C
9-Mar-21,12:20:50 PM,23,24,StDev,G030,Sample,TOC,0,0,0,"Caddy_DOC - Feb 04, 2020; 11-47-40 AM",N221730082,toc,DO13C
9-Mar-21,12:20:50 PM,23,24,%RSD,G030,Sample,TOC,0,0,0,"Caddy_DOC - Feb 04, 2020; 11-47-40 AM",N221730082,toc,DO13C
9-Mar-21,12:45:49 PM,24,25,1,G067,Sample,TOC,70829.231,0,0,"Caddy_DOC - Feb 04, 2020; 11-47-40 AM",N221730082,toc,DO13C
9-Mar-21,12:45:49 PM,24,25,Avg,G067,Sample,TOC,70829.231,0,0,"Caddy_DOC - Feb 04, 2020; 11-47-40 AM",N221730082,toc,DO13C
9-Mar-21,12:45:49 PM,24,25,StDev,G067,Sample,TOC,0,0,0,"Caddy_DOC - Feb 04, 2020; 11-47-40 AM",N221730082,toc,DO13C
9-Mar-21,12:45:49 PM,24,25,%RSD,G067,Sample,TOC,0,0,0,"Caddy_DOC - Feb 04, 2020; 11-47-40 AM",N221730082,toc,DO13C
9-Mar-21,1:11:17 PM,25,26,1,G069,Sample,TOC,59847.493,0,0,"Caddy_DOC - Feb 04, 2020; 11-47-40 AM",N221730082,toc,DO13C
9-Mar-21,1:11:17 PM,25,26,Avg,G069,Sample,TOC,59847.493,0,0,"Caddy_DOC - Feb 04, 2020; 11-47-40 AM",N221730082,toc,DO13C
9-Mar-21,1:11:17 PM,25,26,StDev,G069,Sample,TOC,0,0,0,"Caddy_DOC - Feb 04, 2020; 11-47-40 AM",N221730082,toc,DO13C
9-Mar-21,1:11:17 PM,25,26,%RSD,G069,Sample,TOC,0,0,0,"Caddy_DOC - Feb 04, 2020; 11-47-40 AM",N221730082,toc,DO13C
9-Mar-21,1:36:36 PM,26,27,1,G041,Sample,TOC,67359.404,0,0,"Caddy_DOC - Feb 04, 2020; 11-47-40 AM",N221730082,toc,DO13C
9-Mar-21,1:36:36 PM,26,27,Avg,G041,Sample,TOC,67359.404,0,0,"Caddy_DOC - Feb 04, 2020; 11-47-40 AM",N221730082,toc,DO13C
9-Mar-21,1:36:36 PM,26,27,StDev,G041,Sample,TOC,0,0,0,"Caddy_DOC - Feb 04, 2020; 11-47-40 AM",N221730082,toc,DO13C
9-Mar-21,1:36:36 PM,26,27,%RSD,G041,Sample,TOC,0,0,0,"Caddy_DOC - Feb 04, 2020; 11-47-40 AM",N221730082,toc,DO13C
9-Mar-21,2:01:58 PM,27,28,1,LCS-Cane Sugar,Sample,TOC,148647.468,0,0,"Caddy_DOC - Feb 04, 2020; 11-47-40 AM",N221730082,toc,QC
9-Mar-21,2:01:58 PM,27,28,Avg,LCS-Cane Sugar,Sample,TOC,148647.468,0,0,"Caddy_DOC - Feb 04, 2020; 11-47-40 AM",N221730082,toc,QC
9-Mar-21,2:01:58 PM,27,28,StDev,LCS-Cane Sugar,Sample,TOC,0,0,0,"Caddy_DOC - Feb 04, 2020; 11-47-40 AM",N221730082,toc,QC
9-Mar-21,2:01:58 PM,27,28,%RSD,LCS-Cane Sugar,Sample,TOC,0,0,0,"Caddy_DOC - Feb 04, 2020; 11-47-40 AM",N221730082,toc,QC
9-Mar-21,2:28:41 PM,28,29,1,DI Blank,Sample,TOC,2264.561,0,0,"Caddy_DOC - Feb 04, 2020; 11-47-40 AM",N221730082,toc,--
9-Mar-21,2:28:41 PM,28,29,Avg,DI Blank,Sample,TOC,2264.561,0,0,"Caddy_DOC - Feb 04, 2020; 11-47-40 AM",N221730082,toc,--
9-Mar-21,2:28:41 PM,28,29,StDev,DI Blank,Sample,TOC,0,0,0,"Caddy_DOC - Feb 04, 2020; 11-47-40 AM",N221730082,toc,--
9-Mar-21,2:28:41 PM,28,29,%RSD,DI Blank,Sample,TOC,0,0,0,"Caddy_DOC - Feb 04, 2020; 11-47-40 AM",N221730082,toc,--
9-Mar-21,2:45:57 PM,29,30,1,G044,Sample,TOC,53460.767,0,0,"Caddy_DOC - Feb 04, 2020; 11-47-40 AM",N221730082,toc,DO13C
9-Mar-21,2:45:57 PM,29,30,Avg,G044,Sample,TOC,53460.767,0,0,"Caddy_DOC - Feb 04, 2020; 11-47-40 AM",N221730082,toc,DO13C
9-Mar-21,2:45:57 PM,29,30,StDev,G044,Sample,TOC,0,0,0,"Caddy_DOC - Feb 04, 2020; 11-47-40 AM",N221730082,toc,DO13C
9-Mar-21,2:45:57 PM,29,30,%RSD,G044,Sample,TOC,0,0,0,"Caddy_DOC - Feb 04, 2020; 11-47-40 AM",N221730082,toc,DO13C
9-Mar-21,3:10:57 PM,30,31,1,G017,Sample,TOC,200803.132,0,0,"Caddy_DOC - Feb 04, 2020; 11-47-40 AM",N221730082,toc,DO13C
9-Mar-21,3:10:57 PM,30,31,Avg,G017,Sample,TOC,200803.132,0,0,"Caddy_DOC - Feb 04, 2020; 11-47-40 AM",N221730082,toc,DO13C
9-Mar-21,3:10:57 PM,30,31,StDev,G017,Sample,TOC,0,0,0,"Caddy_DOC - Feb 04, 2020; 11-47-40 AM",N221730082,toc,DO13C
9-Mar-21,3:10:57 PM,30,31,%RSD,G017,Sample,TOC,0,0,0,"Caddy_DOC - Feb 04, 2020; 11-47-40 AM",N221730082,toc,DO13C
9-Mar-21,3:38:25 PM,31,32,1,G062,Sample,TOC,73546.646,0,0,"Caddy_DOC - Feb 04, 2020; 11-47-40 AM",N221730082,toc,DO13C
9-Mar-21,3:38:25 PM,31,32,Avg,G062,Sample,TOC,73546.646,0,0,"Caddy_DOC - Feb 04, 2020; 11-47-40 AM",N221730082,toc,DO13C
9-Mar-21,3:38:25 PM,31,32,StDev,G062,Sample,TOC,0,0,0,"Caddy_DOC - Feb 04, 2020; 11-47-40 AM",N221730082,toc,DO13C
9-Mar-21,3:38:25 PM,31,32,%RSD,G062,Sample,TOC,0,0,0,"Caddy_DOC - Feb 04, 2020; 11-47-40 AM",N221730082,toc,DO13C
9-Mar-21,4:04:06 PM,32,33,1,G060,Sample,TOC,63729.426,0,0,"Caddy_DOC - Feb 04, 2020; 11-47-40 AM",N221730082,toc,DO13C
9-Mar-21,4:04:06 PM,32,33,Avg,G060,Sample,TOC,63729.426,0,0,"Caddy_DOC - Feb 04, 2020; 11-47-40 AM",N221730082,toc,DO13C
9-Mar-21,4:04:06 PM,32,33,StDev,G060,Sample,TOC,0,0,0,"Caddy_DOC - Feb 04, 2020; 11-47-40 AM",N221730082,toc,DO13C
9-Mar-21,4:04:06 PM,32,33,%RSD,G060,Sample,TOC,0,0,0,"Caddy_DOC - Feb 04, 2020; 11-47-40 AM",N221730082,toc,DO13C
9-Mar-21,4:29:30 PM,33,34,1,G059,Sample,TOC,60362.385,0,0,"Caddy_DOC - Feb 04, 2020; 11-47-40 AM",N221730082,toc,DO13C
9-Mar-21,4:29:30 PM,33,34,Avg,G059,Sample,TOC,60362.385,0,0,"Caddy_DOC - Feb 04, 2020; 11-47-40 AM",N221730082,toc,DO13C
9-Mar-21,4:29:30 PM,33,34,StDev,G059,Sample,TOC,0,0,0,"Caddy_DOC - Feb 04, 2020; 11-47-40 AM",N221730082,toc,DO13C
9-Mar-21,4:29:30 PM,33,34,%RSD,G059,Sample,TOC,0,0,0,"Caddy_DOC - Feb 04, 2020; 11-47-40 AM",N221730082,toc,DO13C
9-Mar-21,4:54:40 PM,34,35,1,G048,Sample,TOC,56488.018,0,0,"Caddy_DOC - Feb 04, 2020; 11-47-40 AM",N221730082,toc,DO13C
9-Mar-21,4:54:40 PM,34,35,Avg,G048,Sample,TOC,56488.018,0,0,"Caddy_DOC - Feb 04, 2020; 11-47-40 AM",N221730082,toc,DO13C
9-Mar-21,4:54:40 PM,34,35,StDev,G048,Sample,TOC,0,0,0,"Caddy_DOC - Feb 04, 2020; 11-47-40 AM",N221730082,toc,DO13C
9-Mar-21,4:54:40 PM,34,35,%RSD,G048,Sample,TOC,0,0,0,"Caddy_DOC - Feb 04, 2020; 11-47-40 AM",N221730082,toc,DO13C
9-Mar-21,5:19:44 PM,35,36,1,G035,Sample,TOC,56211.512,0,0,"Caddy_DOC - Feb 04, 2020; 11-47-40 AM",N221730082,toc,DO13C
9-Mar-21,5:19:43 PM,35,36,Avg,G035,Sample,TOC,56211.512,0,0,"Caddy_DOC - Feb 04, 2020; 11-47-40 AM",N221730082,toc,DO13C
9-Mar-21,5:19:43 PM,35,36,StDev,G035,Sample,TOC,0,0,0,"Caddy_DOC - Feb 04, 2020; 11-47-40 AM",N221730082,toc,DO13C
9-Mar-21,5:19:43 PM,35,36,%RSD,G035,Sample,TOC,0,0,0,"Caddy_DOC - Feb 04, 2020; 11-47-40 AM",N221730082,toc,DO13C
9-Mar-21,5:44:48 PM,36,37,1,G049,Sample,TOC,69441.826,0,0,"Caddy_DOC - Feb 04, 2020; 11-47-40 AM",N221730082,toc,DO13C
9-Mar-21,5:44:48 PM,36,37,Avg,G049,Sample,TOC,69441.826,0,0,"Caddy_DOC - Feb 04, 2020; 11-47-40 AM",N221730082,toc,DO13C
9-Mar-21,5:44:48 PM,36,37,StDev,G049,Sample,TOC,0,0,0,"Caddy_DOC - Feb 04, 2020; 11-47-40 AM",N221730082,toc,DO13C
9-Mar-21,5:44:48 PM,36,37,%RSD,G049,Sample,TOC,0,0,0,"Caddy_DOC - Feb 04, 2020; 11-47-40 AM",N221730082,toc,DO13C
9-Mar-21,6:10:23 PM,37,38,1,G018,Sample,TOC,183423.83,0,0,"Caddy_DOC - Feb 04, 2020; 11-47-40 AM",N221730082,toc,DO13C
9-Mar-21,6:10:23 PM,37,38,Avg,G018,Sample,TOC,183423.83,0,0,"Caddy_DOC - Feb 04, 2020; 11-47-40 AM",N221730082,toc,DO13C
9-Mar-21,6:10:23 PM,37,38,StDev,G018,Sample,TOC,0,0,0,"Caddy_DOC - Feb 04, 2020; 11-47-40 AM",N221730082,toc,DO13C
9-Mar-21,6:10:23 PM,37,38,%RSD,G018,Sample,TOC,0,0,0,"Caddy_DOC - Feb 04, 2020; 11-47-40 AM",N221730082,toc,DO13C
9-Mar-21,6:37:53 PM,38,39,1,G022,Sample,TOC,109100.175,0,0,"Caddy_DOC - Feb 04, 2020; 11-47-40 AM",N221730082,toc,DO13C
9-Mar-21,6:37:53 PM,38,39,Avg,G022,Sample,TOC,109100.175,0,0,"Caddy_DOC - Feb 04, 2020; 11-47-40 AM",N221730082,toc,DO13C
9-Mar-21,6:37:53 PM,38,39,StDev,G022,Sample,TOC,0,0,0,"Caddy_DOC - Feb 04, 2020; 11-47-40 AM",N221730082,toc,DO13C
9-Mar-21,6:37:53 PM,38,39,%RSD,G022,Sample,TOC,0,0,0,"Caddy_DOC - Feb 04, 2020; 11-47-40 AM",N221730082,toc,DO13C
9-Mar-21,7:04:10 PM,39,40,1,G013,Sample,TOC,96826.225,0,0,"Caddy_DOC - Feb 04, 2020; 11-47-40 AM",N221730082,toc,DO13C
9-Mar-21,7:04:10 PM,39,40,Avg,G013,Sample,TOC,96826.225,0,0,"Caddy_DOC - Feb 04, 2020; 11-47-40 AM",N221730082,toc,DO13C
9-Mar-21,7:04:10 PM,39,40,StDev,G013,Sample,TOC,0,0,0,"Caddy_DOC - Feb 04, 2020; 11-47-40 AM",N221730082,toc,DO13C
9-Mar-21,7:04:10 PM,39,40,%RSD,G013,Sample,TOC,0,0,0,"Caddy_DOC - Feb 04, 2020; 11-47-40 AM",N221730082,toc,DO13C
9-Mar-21,7:30:19 PM,40,41,1,G032,Sample,TOC,57223.58,0,0,"Caddy_DOC - Feb 04, 2020; 11-47-40 AM",N221730082,toc,DO13C
9-Mar-21,7:30:19 PM,40,41,Avg,G032,Sample,TOC,57223.58,0,0,"Caddy_DOC - Feb 04, 2020; 11-47-40 AM",N221730082,toc,DO13C
9-Mar-21,7:30:19 PM,40,41,StDev,G032,Sample,TOC,0,0,0,"Caddy_DOC - Feb 04, 2020; 11-47-40 AM",N221730082,toc,DO13C
9-Mar-21,7:30:19 PM,40,41,%RSD,G032,Sample,TOC,0,0,0,"Caddy_DOC - Feb 04, 2020; 11-47-40 AM",N221730082,toc,DO13C
9-Mar-21,7:55:28 PM,41,42,1,G065,Sample,TOC,68274.672,0,0,"Caddy_DOC - Feb 04, 2020; 11-47-40 AM",N221730082,toc,DO13C
9-Mar-21,7:55:28 PM,41,42,Avg,G065,Sample,TOC,68274.672,0,0,"Caddy_DOC - Feb 04, 2020; 11-47-40 AM",N221730082,toc,DO13C
9-Mar-21,7:55:28 PM,41,42,StDev,G065,Sample,TOC,0,0,0,"Caddy_DOC - Feb 04, 2020; 11-47-40 AM",N221730082,toc,DO13C
9-Mar-21,7:55:28 PM,41,42,%RSD,G065,Sample,TOC,0,0,0,"Caddy_DOC - Feb 04, 2020; 11-47-40 AM",N221730082,toc,DO13C
9-Mar-21,8:20:48 PM,42,43,1,LCS-Cane Sugar,Sample,TOC,148228.122,0,0,"Caddy_DOC - Feb 04, 2020; 11-47-40 AM",N221730082,toc,QC
9-Mar-21,8:20:48 PM,42,43,Avg,LCS-Cane Sugar,Sample,TOC,148228.122,0,0,"Caddy_DOC - Feb 04, 2020; 11-47-40 AM",N221730082,toc,QC
9-Mar-21,8:20:48 PM,42,43,StDev,LCS-Cane Sugar,Sample,TOC,0,0,0,"Caddy_DOC - Feb 04, 2020; 11-47-40 AM",N221730082,toc,QC
9-Mar-21,8:20:48 PM,42,43,%RSD,LCS-Cane Sugar,Sample,TOC,0,0,0,"Caddy_DOC - Feb 04, 2020; 11-47-40 AM",N221730082,toc,QC
9-Mar-21,8:47:45 PM,43,44,1,DI Blank,Sample,TOC,2553.753,0,0,"Caddy_DOC - Feb 04, 2020; 11-47-40 AM",N221730082,toc,--
9-Mar-21,8:47:45 PM,43,44,Avg,DI Blank,Sample,TOC,2553.753,0,0,"Caddy_DOC - Feb 04, 2020; 11-47-40 AM",N221730082,toc,--
9-Mar-21,8:47:45 PM,43,44,StDev,DI Blank,Sample,TOC,0,0,0,"Caddy_DOC - Feb 04, 2020; 11-47-40 AM",N221730082,toc,--
9-Mar-21,8:47:45 PM,43,44,%RSD,DI Blank,Sample,TOC,0,0,0,"Caddy_DOC - Feb 04, 2020; 11-47-40 AM",N221730082,toc,--
9-Mar-21,9:04:48 PM,44,45,1,G054,Sample,TOC,59079.656,0,0,"Caddy_DOC - Feb 04, 2020; 11-47-40 AM",N221730082,toc,DO13C
9-Mar-21,9:04:48 PM,44,45,Avg,G054,Sample,TOC,59079.656,0,0,"Caddy_DOC - Feb 04, 2020; 11-47-40 AM",N221730082,toc,DO13C
9-Mar-21,9:04:48 PM,44,45,StDev,G054,Sample,TOC,0,0,0,"Caddy_DOC - Feb 04, 2020; 11-47-40 AM",N221730082,toc,DO13C
9-Mar-21,9:04:48 PM,44,45,%RSD,G054,Sample,TOC,0,0,0,"Caddy_DOC - Feb 04, 2020; 11-47-40 AM",N221730082,toc,DO13C
9-Mar-21,9:30:01 PM,45,46,1,G055,Sample,TOC,63156.943,0,0,"Caddy_DOC - Feb 04, 2020; 11-47-40 AM",N221730082,toc,DO13C
9-Mar-21,9:30:01 PM,45,46,Avg,G055,Sample,TOC,63156.943,0,0,"Caddy_DOC - Feb 04, 2020; 11-47-40 AM",N221730082,toc,DO13C
9-Mar-21,9:30:01 PM,45,46,StDev,G055,Sample,TOC,0,0,0,"Caddy_DOC - Feb 04, 2020; 11-47-40 AM",N221730082,toc,DO13C
9-Mar-21,9:30:01 PM,45,46,%RSD,G055,Sample,TOC,0,0,0,"Caddy_DOC - Feb 04, 2020; 11-47-40 AM",N221730082,toc,DO13C
9-Mar-21,9:55:19 PM,46,47,1,G031,Sample,TOC,55510.318,0,0,"Caddy_DOC - Feb 04, 2020; 11-47-40 AM",N221730082,toc,DO13C
9-Mar-21,9:55:19 PM,46,47,Avg,G031,Sample,TOC,55510.318,0,0,"Caddy_DOC - Feb 04, 2020; 11-47-40 AM",N221730082,toc,DO13C
9-Mar-21,9:55:19 PM,46,47,StDev,G031,Sample,TOC,0,0,0,"Caddy_DOC - Feb 04, 2020; 11-47-40 AM",N221730082,toc,DO13C
9-Mar-21,9:55:19 PM,46,47,%RSD,G031,Sample,TOC,0,0,0,"Caddy_DOC - Feb 04, 2020; 11-47-40 AM",N221730082,toc,DO13C
9-Mar-21,10:20:28 PM,47,48,1,G027,Sample,TOC,55901.084,0,0,"Caddy_DOC - Feb 04, 2020; 11-47-40 AM",N221730082,toc,DO13C
9-Mar-21,10:20:28 PM,47,48,Avg,G027,Sample,TOC,55901.084,0,0,"Caddy_DOC - Feb 04, 2020; 11-47-40 AM",N221730082,toc,DO13C
9-Mar-21,10:20:28 PM,47,48,StDev,G027,Sample,TOC,0,0,0,"Caddy_DOC - Feb 04, 2020; 11-47-40 AM",N221730082,toc,DO13C
9-Mar-21,10:20:28 PM,47,48,%RSD,G027,Sample,TOC,0,0,0,"Caddy_DOC - Feb 04, 2020; 11-47-40 AM",N221730082,toc,DO13C
9-Mar-21,10:45:33 PM,48,49,1,G043,Sample,TOC,59428.895,0,0,"Caddy_DOC - Feb 04, 2020; 11-47-40 AM",N221730082,toc,DO13C
9-Mar-21,10:45:32 PM,48,49,Avg,G043,Sample,TOC,59428.895,0,0,"Caddy_DOC - Feb 04, 2020; 11-47-40 AM",N221730082,toc,DO13C
9-Mar-21,10:45:32 PM,48,49,StDev,G043,Sample,TOC,0,0,0,"Caddy_DOC - Feb 04, 2020; 11-47-40 AM",N221730082,toc,DO13C
9-Mar-21,10:45:32 PM,48,49,%RSD,G043,Sample,TOC,0,0,0,"Caddy_DOC - Feb 04, 2020; 11-47-40 AM",N221730082,toc,DO13C
9-Mar-21,11:10:50 PM,49,50,1,G026,Sample,TOC,175664.005,0,0,"Caddy_DOC - Feb 04, 2020; 11-47-40 AM",N221730082,toc,DO13C
9-Mar-21,11:10:50 PM,49,50,Avg,G026,Sample,TOC,175664.005,0,0,"Caddy_DOC - Feb 04, 2020; 11-47-40 AM",N221730082,toc,DO13C
9-Mar-21,11:10:50 PM,49,50,StDev,G026,Sample,TOC,0,0,0,"Caddy_DOC - Feb 04, 2020; 11-47-40 AM",N221730082,toc,DO13C
9-Mar-21,11:10:50 PM,49,50,%RSD,G026,Sample,TOC,0,0,0,"Caddy_DOC - Feb 04, 2020; 11-47-40 AM",N221730082,toc,DO13C
9-Mar-21,11:38:06 PM,50,51,1,G072,Sample,TOC,59019.668,0,0,"Caddy_DOC - Feb 04, 2020; 11-47-40 AM",N221730082,toc,DO13C
9-Mar-21,11:38:06 PM,50,51,Avg,G072,Sample,TOC,59019.668,0,0,"Caddy_DOC - Feb 04, 2020; 11-47-40 AM",N221730082,toc,DO13C
9-Mar-21,11:38:06 PM,50,51,StDev,G072,Sample,TOC,0,0,0,"Caddy_DOC - Feb 04, 2020; 11-47-40 AM",N221730082,toc,DO13C
9-Mar-21,11:38:06 PM,50,51,%RSD,G072,Sample,TOC,0,0,0,"Caddy_DOC - Feb 04, 2020; 11-47-40 AM",N221730082,toc,DO13C
10-Mar-21,12:03:12 AM,51,52,1,G061,Sample,TOC,70384.504,0,0,"Caddy_DOC - Feb 04, 2020; 11-47-40 AM",N221730082,toc,DO13C
10-Mar-21,12:03:12 AM,51,52,Avg,G061,Sample,TOC,70384.504,0,0,"Caddy_DOC - Feb 04, 2020; 11-47-40 AM",N221730082,toc,DO13C
10-Mar-21,12:03:12 AM,51,52,StDev,G061,Sample,TOC,0,0,0,"Caddy_DOC - Feb 04, 2020; 11-47-40 AM",N221730082,toc,DO13C
10-Mar-21,12:03:12 AM,51,52,%RSD,G061,Sample,TOC,0,0,0,"Caddy_DOC - Feb 04, 2020; 11-47-40 AM",N221730082,toc,DO13C
10-Mar-21,12:28:46 AM,52,53,1,G028,Sample,TOC,58634.133,0,0,"Caddy_DOC - Feb 04, 2020; 11-47-40 AM",N221730082,toc,DO13C
10-Mar-21,12:28:46 AM,52,53,Avg,G028,Sample,TOC,58634.133,0,0,"Caddy_DOC - Feb 04, 2020; 11-47-40 AM",N221730082,toc,DO13C
10-Mar-21,12:28:46 AM,52,53,StDev,G028,Sample,TOC,0,0,0,"Caddy_DOC - Feb 04, 2020; 11-47-40 AM",N221730082,toc,DO13C
10-Mar-21,12:28:46 AM,52,53,%RSD,G028,Sample,TOC,0,0,0,"Caddy_DOC - Feb 04, 2020; 11-47-40 AM",N221730082,toc,DO13C
10-Mar-21,12:54:00 AM,53,54,1,G039,Sample,TOC,64007.338,0,0,"Caddy_DOC - Feb 04, 2020; 11-47-40 AM",N221730082,toc,DO13C
10-Mar-21,12:54:00 AM,53,54,Avg,G039,Sample,TOC,64007.338,0,0,"Caddy_DOC - Feb 04, 2020; 11-47-40 AM",N221730082,toc,DO13C
10-Mar-21,12:54:00 AM,53,54,StDev,G039,Sample,TOC,0,0,0,"Caddy_DOC - Feb 04, 2020; 11-47-40 AM",N221730082,toc,DO13C
10-Mar-21,12:54:00 AM,53,54,%RSD,G039,Sample,TOC,0,0,0,"Caddy_DOC - Feb 04, 2020; 11-47-40 AM",N221730082,toc,DO13C
10-Mar-21,1:19:22 AM,54,55,1,G012,Sample,TOC,158746.23,0,0,"Caddy_DOC - Feb 04, 2020; 11-47-40 AM",N221730082,toc,DO13C
10-Mar-21,1:19:22 AM,54,55,Avg,G012,Sample,TOC,158746.23,0,0,"Caddy_DOC - Feb 04, 2020; 11-47-40 AM",N221730082,toc,DO13C
10-Mar-21,1:19:22 AM,54,55,StDev,G012,Sample,TOC,0,0,0,"Caddy_DOC - Feb 04, 2020; 11-47-40 AM",N221730082,toc,DO13C
10-Mar-21,1:19:22 AM,54,55,%RSD,G012,Sample,TOC,0,0,0,"Caddy_DOC - Feb 04, 2020; 11-47-40 AM",N221730082,toc,DO13C
10-Mar-21,1:46:25 AM,55,56,1,G037,Sample,TOC,66204.775,0,0,"Caddy_DOC - Feb 04, 2020; 11-47-40 AM",N221730082,toc,DO13C
10-Mar-21,1:46:25 AM,55,56,Avg,G037,Sample,TOC,66204.775,0,0,"Caddy_DOC - Feb 04, 2020; 11-47-40 AM",N221730082,toc,DO13C
10-Mar-21,1:46:25 AM,55,56,StDev,G037,Sample,TOC,0,0,0,"Caddy_DOC - Feb 04, 2020; 11-47-40 AM",N221730082,toc,DO13C
10-Mar-21,1:46:25 AM,55,56,%RSD,G037,Sample,TOC,0,0,0,"Caddy_DOC - Feb 04, 2020; 11-47-40 AM",N221730082,toc,DO13C
10-Mar-21,2:11:52 AM,56,57,1,G016,Sample,TOC,89274.183,0,0,"Caddy_DOC - Feb 04, 2020; 11-47-40 AM",N221730082,toc,DO13C
10-Mar-21,2:11:52 AM,56,57,Avg,G016,Sample,TOC,89274.183,0,0,"Caddy_DOC - Feb 04, 2020; 11-47-40 AM",N221730082,toc,DO13C
10-Mar-21,2:11:52 AM,56,57,StDev,G016,Sample,TOC,0,0,0,"Caddy_DOC - Feb 04, 2020; 11-47-40 AM",N221730082,toc,DO13C
10-Mar-21,2:11:52 AM,56,57,%RSD,G016,Sample,TOC,0,0,0,"Caddy_DOC - Feb 04, 2020; 11-47-40 AM",N221730082,toc,DO13C
10-Mar-21,2:37:44 AM,57,58,1,LCS-Cane Sugar,Sample,TOC,148385.848,0,0,"Caddy_DOC - Feb 04, 2020; 11-47-40 AM",N221730082,toc,QC
10-Mar-21,2:37:44 AM,57,58,Avg,LCS-Cane Sugar,Sample,TOC,148385.848,0,0,"Caddy_DOC - Feb 04, 2020; 11-47-40 AM",N221730082,toc,QC
10-Mar-21,2:37:44 AM,57,58,StDev,LCS-Cane Sugar,Sample,TOC,0,0,0,"Caddy_DOC - Feb 04, 2020; 11-47-40 AM",N221730082,toc,QC
10-Mar-21,2:37:44 AM,57,58,%RSD,LCS-Cane Sugar,Sample,TOC,0,0,0,"Caddy_DOC - Feb 04, 2020; 11-47-40 AM",N221730082,toc,QC
10-Mar-21,3:04:45 AM,58,59,1,DI Blank,Sample,TOC,2598.657,0,0,"Caddy_DOC - Feb 04, 2020; 11-47-40 AM",N221730082,toc,--
10-Mar-21,3:04:45 AM,58,59,Avg,DI Blank,Sample,TOC,2598.657,0,0,"Caddy_DOC - Feb 04, 2020; 11-47-40 AM",N221730082,toc,--
10-Mar-21,3:04:45 AM,58,59,StDev,DI Blank,Sample,TOC,0,0,0,"Caddy_DOC - Feb 04, 2020; 11-47-40 AM",N221730082,toc,--
10-Mar-21,3:04:45 AM,58,59,%RSD,DI Blank,Sample,TOC,0,0,0,"Caddy_DOC - Feb 04, 2020; 11-47-40 AM",N221730082,toc,--
10-Mar-21,3:21:48 AM,59,60,1,G064,Sample,TOC,58279.175,0,0,"Caddy_DOC - Feb 04, 2020; 11-47-40 AM",N221730082,toc,DO13C
10-Mar-21,3:21:48 AM,59,60,Avg,G064,Sample,TOC,58279.175,0,0,"Caddy_DOC - Feb 04, 2020; 11-47-40 AM",N221730082,toc,DO13C
10-Mar-21,3:21:48 AM,59,60,StDev,G064,Sample,TOC,0,0,0,"Caddy_DOC - Feb 04, 2020; 11-47-40 AM",N221730082,toc,DO13C
10-Mar-21,3:21:48 AM,59,60,%RSD,G064,Sample,TOC,0,0,0,"Caddy_DOC - Feb 04, 2020; 11-47-40 AM",N221730082,toc,DO13C
10-Mar-21,3:46:56 AM,60,61,1,G051,Sample,TOC,62016.492,0,0,"Caddy_DOC - Feb 04, 2020; 11-47-40 AM",N221730082,toc,DO13C
10-Mar-21,3:46:56 AM,60,61,Avg,G051,Sample,TOC,62016.492,0,0,"Caddy_DOC - Feb 04, 2020; 11-47-40 AM",N221730082,toc,DO13C
10-Mar-21,3:46:56 AM,60,61,StDev,G051,Sample,TOC,0,0,0,"Caddy_DOC - Feb 04, 2020; 11-47-40 AM",N221730082,toc,DO13C
10-Mar-21,3:46:56 AM,60,61,%RSD,G051,Sample,TOC,0,0,0,"Caddy_DOC - Feb 04, 2020; 11-47-40 AM",N221730082,toc,DO13C
10-Mar-21,4:12:18 AM,61,62,1,G023,Sample,TOC,162228.938,0,0,"Caddy_DOC - Feb 04, 2020; 11-47-40 AM",N221730082,toc,DO13C
10-Mar-21,4:12:18 AM,61,62,Avg,G023,Sample,TOC,162228.938,0,0,"Caddy_DOC - Feb 04, 2020; 11-47-40 AM",N221730082,toc,DO13C
10-Mar-21,4:12:18 AM,61,62,StDev,G023,Sample,TOC,0,0,0,"Caddy_DOC - Feb 04, 2020; 11-47-40 AM",N221730082,toc,DO13C
10-Mar-21,4:12:18 AM,61,62,%RSD,G023,Sample,TOC,0,0,0,"Caddy_DOC - Feb 04, 2020; 11-47-40 AM",N221730082,toc,DO13C
10-Mar-21,4:39:24 AM,62,63,1,G070,Sample,TOC,66115.615,0,0,"Caddy_DOC - Feb 04, 2020; 11-47-40 AM",N221730082,toc,DO13C
10-Mar-21,4:39:24 AM,62,63,Avg,G070,Sample,TOC,66115.615,0,0,"Caddy_DOC - Feb 04, 2020; 11-47-40 AM",N221730082,toc,DO13C
10-Mar-21,4:39:24 AM,62,63,StDev,G070,Sample,TOC,0,0,0,"Caddy_DOC - Feb 04, 2020; 11-47-40 AM",N221730082,toc,DO13C
10-Mar-21,4:39:24 AM,62,63,%RSD,G070,Sample,TOC,0,0,0,"Caddy_DOC - Feb 04, 2020; 11-47-40 AM",N221730082,toc,DO13C
10-Mar-21,5:05:03 AM,63,64,1,G040,Sample,TOC,60673.793,0,0,"Caddy_DOC - Feb 04, 2020; 11-47-40 AM",N221730082,toc,DO13C
10-Mar-21,5:05:03 AM,63,64,Avg,G040,Sample,TOC,60673.793,0,0,"Caddy_DOC - Feb 04, 2020; 11-47-40 AM",N221730082,toc,DO13C
10-Mar-21,5:05:03 AM,63,64,StDev,G040,Sample,TOC,0,0,0,"Caddy_DOC - Feb 04, 2020; 11-47-40 AM",N221730082,toc,DO13C
10-Mar-21,5:05:03 AM,63,64,%RSD,G040,Sample,TOC,0,0,0,"Caddy_DOC - Feb 04, 2020; 11-47-40 AM",N221730082,toc,DO13C
10-Mar-21,5:30:17 AM,64,65,1,G056,Sample,TOC,55387.951,0,0,"Caddy_DOC - Feb 04, 2020; 11-47-40 AM",N221730082,toc,DO13C
10-Mar-21,5:30:17 AM,64,65,Avg,G056,Sample,TOC,55387.951,0,0,"Caddy_DOC - Feb 04, 2020; 11-47-40 AM",N221730082,toc,DO13C
10-Mar-21,5:30:17 AM,64,65,StDev,G056,Sample,TOC,0,0,0,"Caddy_DOC - Feb 04, 2020; 11-47-40 AM",N221730082,toc,DO13C
10-Mar-21,5:30:17 AM,64,65,%RSD,G056,Sample,TOC,0,0,0,"Caddy_DOC - Feb 04, 2020; 11-47-40 AM",N221730082,toc,DO13C
10-Mar-21,5:55:33 AM,65,66,1,G034,Sample,TOC,57480.731,0,0,"Caddy_DOC - Feb 04, 2020; 11-47-40 AM",N221730082,toc,DO13C
10-Mar-21,5:55:33 AM,65,66,Avg,G034,Sample,TOC,57480.731,0,0,"Caddy_DOC - Feb 04, 2020; 11-47-40 AM",N221730082,toc,DO13C
10-Mar-21,5:55:33 AM,65,66,StDev,G034,Sample,TOC,0,0,0,"Caddy_DOC - Feb 04, 2020; 11-47-40 AM",N221730082,toc,DO13C
10-Mar-21,5:55:33 AM,65,66,%RSD,G034,Sample,TOC,0,0,0,"Caddy_DOC - Feb 04, 2020; 11-47-40 AM",N221730082,toc,DO13C
10-Mar-21,6:20:46 AM,66,67,1,G021,Sample,TOC,154726.862,0,0,"Caddy_DOC - Feb 04, 2020; 11-47-40 AM",N221730082,toc,DO13C
10-Mar-21,6:20:46 AM,66,67,Avg,G021,Sample,TOC,154726.862,0,0,"Caddy_DOC - Feb 04, 2020; 11-47-40 AM",N221730082,toc,DO13C
10-Mar-21,6:20:46 AM,66,67,StDev,G021,Sample,TOC,0,0,0,"Caddy_DOC - Feb 04, 2020; 11-47-40 AM",N221730082,toc,DO13C
10-Mar-21,6:20:46 AM,66,67,%RSD,G021,Sample,TOC,0,0,0,"Caddy_DOC - Feb 04, 2020; 11-47-40 AM",N221730082,toc,DO13C
10-Mar-21,6:47:44 AM,67,68,1,G052,Sample,TOC,61702.894,0,0,"Caddy_DOC - Feb 04, 2020; 11-47-40 AM",N221730082,toc,DO13C
10-Mar-21,6:47:44 AM,67,68,Avg,G052,Sample,TOC,61702.894,0,0,"Caddy_DOC - Feb 04, 2020; 11-47-40 AM",N221730082,toc,DO13C
10-Mar-21,6:47:44 AM,67,68,StDev,G052,Sample,TOC,0,0,0,"Caddy_DOC - Feb 04, 2020; 11-47-40 AM",N221730082,toc,DO13C
10-Mar-21,6:47:44 AM,67,68,%RSD,G052,Sample,TOC,0,0,0,"Caddy_DOC - Feb 04, 2020; 11-47-40 AM",N221730082,toc,DO13C
10-Mar-21,7:13:06 AM,68,69,1,G063,Sample,TOC,58329.87,0,0,"Caddy_DOC - Feb 04, 2020; 11-47-40 AM",N221730082,toc,DO13C
10-Mar-21,7:13:06 AM,68,69,Avg,G063,Sample,TOC,58329.87,0,0,"Caddy_DOC - Feb 04, 2020; 11-47-40 AM",N221730082,toc,DO13C
10-Mar-21,7:13:06 AM,68,69,StDev,G063,Sample,TOC,0,0,0,"Caddy_DOC - Feb 04, 2020; 11-47-40 AM",N221730082,toc,DO13C
10-Mar-21,7:13:06 AM,68,69,%RSD,G063,Sample,TOC,0,0,0,"Caddy_DOC - Feb 04, 2020; 11-47-40 AM",N221730082,toc,DO13C
10-Mar-21,7:38:22 AM,69,70,1,G042,Sample,TOC,60924.531,0,0,"Caddy_DOC - Feb 04, 2020; 11-47-40 AM",N221730082,toc,DO13C
10-Mar-21,7:38:22 AM,69,70,Avg,G042,Sample,TOC,60924.531,0,0,"Caddy_DOC - Feb 04, 2020; 11-47-40 AM",N221730082,toc,DO13C
10-Mar-21,7:38:22 AM,69,70,StDev,G042,Sample,TOC,0,0,0,"Caddy_DOC - Feb 04, 2020; 11-47-40 AM",N221730082,toc,DO13C
10-Mar-21,7:38:22 AM,69,70,%RSD,G042,Sample,TOC,0,0,0,"Caddy_DOC - Feb 04, 2020; 11-47-40 AM",N221730082,toc,DO13C
10-Mar-21,8:03:42 AM,70,71,1,G010,Sample,TOC,174177.141,0,0,"Caddy_DOC - Feb 04, 2020; 11-47-40 AM",N221730082,toc,DO13C
10-Mar-21,8:03:42 AM,70,71,Avg,G010,Sample,TOC,174177.141,0,0,"Caddy_DOC - Feb 04, 2020; 11-47-40 AM",N221730082,toc,DO13C
10-Mar-21,8:03:42 AM,70,71,StDev,G010,Sample,TOC,0,0,0,"Caddy_DOC - Feb 04, 2020; 11-47-40 AM",N221730082,toc,DO13C
10-Mar-21,8:03:42 AM,70,71,%RSD,G010,Sample,TOC,0,0,0,"Caddy_DOC - Feb 04, 2020; 11-47-40 AM",N221730082,toc,DO13C
10-Mar-21,8:30:57 AM,71,72,1,G050,Sample,TOC,62510.68,0,0,"Caddy_DOC - Feb 04, 2020; 11-47-40 AM",N221730082,toc,DO13C
10-Mar-21,8:30:57 AM,71,72,Avg,G050,Sample,TOC,62510.68,0,0,"Caddy_DOC - Feb 04, 2020; 11-47-40 AM",N221730082,toc,DO13C
10-Mar-21,8:30:57 AM,71,72,StDev,G050,Sample,TOC,0,0,0,"Caddy_DOC - Feb 04, 2020; 11-47-40 AM",N221730082,toc,DO13C
10-Mar-21,8:30:57 AM,71,72,%RSD,G050,Sample,TOC,0,0,0,"Caddy_DOC - Feb 04, 2020; 11-47-40 AM",N221730082,toc,DO13C
10-Mar-21,8:56:12 AM,72,73,1,LCS-Cane Sugar,Sample,TOC,148043.891,0,0,"Caddy_DOC - Feb 04, 2020; 11-47-40 AM",N221730082,toc,QC
10-Mar-21,8:56:12 AM,72,73,Avg,LCS-Cane Sugar,Sample,TOC,148043.891,0,0,"Caddy_DOC - Feb 04, 2020; 11-47-40 AM",N221730082,toc,QC
10-Mar-21,8:56:12 AM,72,73,StDev,LCS-Cane Sugar,Sample,TOC,0,0,0,"Caddy_DOC - Feb 04, 2020; 11-47-40 AM",N221730082,toc,QC
10-Mar-21,8:56:12 AM,72,73,%RSD,LCS-Cane Sugar,Sample,TOC,0,0,0,"Caddy_DOC - Feb 04, 2020; 11-47-40 AM",N221730082,toc,QC
10-Mar-21,9:23:09 AM,73,74,1,DI Blank,Sample,TOC,2542.052,0,0,"Caddy_DOC - Feb 04, 2020; 11-47-40 AM",N221730082,toc,--
10-Mar-21,9:23:09 AM,73,74,Avg,DI Blank,Sample,TOC,2542.052,0,0,"Caddy_DOC - Feb 04, 2020; 11-47-40 AM",N221730082,toc,--
10-Mar-21,9:23:09 AM,73,74,StDev,DI Blank,Sample,TOC,0,0,0,"Caddy_DOC - Feb 04, 2020; 11-47-40 AM",N221730082,toc,--
10-Mar-21,9:23:09 AM,73,74,%RSD,DI Blank,Sample,TOC,0,0,0,"Caddy_DOC - Feb 04, 2020; 11-47-40 AM",N221730082,toc,--
10-Mar-21,9:40:14 AM,74,75,1,G045,Sample,TOC,54160.642,0,0,"Caddy_DOC - Feb 04, 2020; 11-47-40 AM",N221730082,toc,DO13C
10-Mar-21,9:40:14 AM,74,75,Avg,G045,Sample,TOC,54160.642,0,0,"Caddy_DOC - Feb 04, 2020; 11-47-40 AM",N221730082,toc,DO13C
10-Mar-21,9:40:14 AM,74,75,StDev,G045,Sample,TOC,0,0,0,"Caddy_DOC - Feb 04, 2020; 11-47-40 AM",N221730082,toc,DO13C
10-Mar-21,9:40:14 AM,74,75,%RSD,G045,Sample,TOC,0,0,0,"Caddy_DOC - Feb 04, 2020; 11-47-40 AM",N221730082,toc,DO13C
10-Mar-21,10:05:17 AM,75,76,1,G008,Sample,TOC,62282.156,0,0,"Caddy_DOC - Feb 04, 2020; 11-47-40 AM",N221730082,toc,DO13C
10-Mar-21,10:05:17 AM,75,76,Avg,G008,Sample,TOC,62282.156,0,0,"Caddy_DOC - Feb 04, 2020; 11-47-40 AM",N221730082,toc,DO13C
10-Mar-21,10:05:17 AM,75,76,StDev,G008,Sample,TOC,0,0,0,"Caddy_DOC - Feb 04, 2020; 11-47-40 AM",N221730082,toc,DO13C
10-Mar-21,10:05:17 AM,75,76,%RSD,G008,Sample,TOC,0,0,0,"Caddy_DOC - Feb 04, 2020; 11-47-40 AM",N221730082,toc,DO13C
10-Mar-21,10:30:36 AM,76,77,1,G046,Sample,TOC,60191.37,0,0,"Caddy_DOC - Feb 04, 2020; 11-47-40 AM",N221730082,toc,DO13C
10-Mar-21,10:30:36 AM,76,77,Avg,G046,Sample,TOC,60191.37,0,0,"Caddy_DOC - Feb 04, 2020; 11-47-40 AM",N221730082,toc,DO13C
10-Mar-21,10:30:36 AM,76,77,StDev,G046,Sample,TOC,0,0,0,"Caddy_DOC - Feb 04, 2020; 11-47-40 AM",N221730082,toc,DO13C
10-Mar-21,10:30:36 AM,76,77,%RSD,G046,Sample,TOC,0,0,0,"Caddy_DOC - Feb 04, 2020; 11-47-40 AM",N221730082,toc,DO13C
10-Mar-21,10:55:50 AM,77,78,1,G038,Sample,TOC,68317.72,0,0,"Caddy_DOC - Feb 04, 2020; 11-47-40 AM",N221730082,toc,DO13C
10-Mar-21,10:55:50 AM,77,78,Avg,G038,Sample,TOC,68317.72,0,0,"Caddy_DOC - Feb 04, 2020; 11-47-40 AM",N221730082,toc,DO13C
10-Mar-21,10:55:50 AM,77,78,StDev,G038,Sample,TOC,0,0,0,"Caddy_DOC - Feb 04, 2020; 11-47-40 AM",N221730082,toc,DO13C
10-Mar-21,10:55:50 AM,77,78,%RSD,G038,Sample,TOC,0,0,0,"Caddy_DOC - Feb 04, 2020; 11-47-40 AM",N221730082,toc,DO13C
10-Mar-21,11:21:29 AM,78,79,1,G004,Sample,TOC,1176598.486,0,0,"Caddy_DOC - Feb 04, 2020; 11-47-40 AM",N221730082,toc,DO13C
10-Mar-21,11:21:29 AM,78,79,Avg,G004,Sample,TOC,1176598.486,0,0,"Caddy_DOC - Feb 04, 2020; 11-47-40 AM",N221730082,toc,DO13C
10-Mar-21,11:21:29 AM,78,79,StDev,G004,Sample,TOC,0,0,0,"Caddy_DOC - Feb 04, 2020; 11-47-40 AM",N221730082,toc,DO13C
10-Mar-21,11:21:29 AM,78,79,%RSD,G004,Sample,TOC,0,0,0,"Caddy_DOC - Feb 04, 2020; 11-47-40 AM",N221730082,toc,DO13C
10-Mar-21,11:52:56 AM,79,80,1,G011,Sample,TOC,238657.311,0,0,"Caddy_DOC - Feb 04, 2020; 11-47-40 AM",N221730082,toc,DO13C
10-Mar-21,11:52:56 AM,79,80,Avg,G011,Sample,TOC,238657.311,0,0,"Caddy_DOC - Feb 04, 2020; 11-47-40 AM",N221730082,toc,DO13C
10-Mar-21,11:52:56 AM,79,80,StDev,G011,Sample,TOC,0,0,0,"Caddy_DOC - Feb 04, 2020; 11-47-40 AM",N221730082,toc,DO13C
10-Mar-21,11:52:56 AM,79,80,%RSD,G011,Sample,TOC,0,0,0,"Caddy_DOC - Feb 04, 2020; 11-47-40 AM",N221730082,toc,DO13C
10-Mar-21,12:20:51 PM,80,81,1,G005,Sample,TOC,70539.909,0,0,"Caddy_DOC - Feb 04, 2020; 11-47-40 AM",N221730082,toc,DO13C
10-Mar-21,12:20:51 PM,80,81,Avg,G005,Sample,TOC,70539.909,0,0,"Caddy_DOC - Feb 04, 2020; 11-47-40 AM",N221730082,toc,DO13C
10-Mar-21,12:20:51 PM,80,81,StDev,G005,Sample,TOC,0,0,0,"Caddy_DOC - Feb 04, 2020; 11-47-40 AM",N221730082,toc,DO13C
10-Mar-21,12:20:51 PM,80,81,%RSD,G005,Sample,TOC,0,0,0,"Caddy_DOC - Feb 04, 2020; 11-47-40 AM",N221730082,toc,DO13C
10-Mar-21,12:46:27 PM,81,82,1,G007,Sample,TOC,129353.169,0,0,"Caddy_DOC - Feb 04, 2020; 11-47-40 AM",N221730082,toc,DO13C
10-Mar-21,12:46:27 PM,81,82,Avg,G007,Sample,TOC,129353.169,0,0,"Caddy_DOC - Feb 04, 2020; 11-47-40 AM",N221730082,toc,DO13C
10-Mar-21,12:46:27 PM,81,82,StDev,G007,Sample,TOC,0,0,0,"Caddy_DOC - Feb 04, 2020; 11-47-40 AM",N221730082,toc,DO13C
10-Mar-21,12:46:27 PM,81,82,%RSD,G007,Sample,TOC,0,0,0,"Caddy_DOC - Feb 04, 2020; 11-47-40 AM",N221730082,toc,DO13C
10-Mar-21,1:13:12 PM,82,83,1,G079,Sample,TOC,78335.203,0,0,"Caddy_DOC - Feb 04, 2020; 11-47-40 AM",N221730082,toc,DO13C
10-Mar-21,1:13:12 PM,82,83,Avg,G079,Sample,TOC,78335.203,0,0,"Caddy_DOC - Feb 04, 2020; 11-47-40 AM",N221730082,toc,DO13C
10-Mar-21,1:13:12 PM,82,83,StDev,G079,Sample,TOC,0,0,0,"Caddy_DOC - Feb 04, 2020; 11-47-40 AM",N221730082,toc,DO13C
10-Mar-21,1:13:12 PM,82,83,%RSD,G079,Sample,TOC,0,0,0,"Caddy_DOC - Feb 04, 2020; 11-47-40 AM",N221730082,toc,DO13C
10-Mar-21,1:39:03 PM,83,84,1,G081,Sample,TOC,88809.014,0,0,"Caddy_DOC - Feb 04, 2020; 11-47-40 AM",N221730082,toc,DO13C
10-Mar-21,1:39:03 PM,83,84,Avg,G081,Sample,TOC,88809.014,0,0,"Caddy_DOC - Feb 04, 2020; 11-47-40 AM",N221730082,toc,DO13C
10-Mar-21,1:39:03 PM,83,84,StDev,G081,Sample,TOC,0,0,0,"Caddy_DOC - Feb 04, 2020; 11-47-40 AM",N221730082,toc,DO13C
10-Mar-21,1:39:03 PM,83,84,%RSD,G081,Sample,TOC,0,0,0,"Caddy_DOC - Feb 04, 2020; 11-47-40 AM",N221730082,toc,DO13C
10-Mar-21,2:05:02 PM,84,85,1,G080,Sample,TOC,105657.514,0,0,"Caddy_DOC - Feb 04, 2020; 11-47-40 AM",N221730082,toc,DO13C
10-Mar-21,2:05:01 PM,84,85,Avg,G080,Sample,TOC,105657.514,0,0,"Caddy_DOC - Feb 04, 2020; 11-47-40 AM",N221730082,toc,DO13C
10-Mar-21,2:05:01 PM,84,85,StDev,G080,Sample,TOC,0,0,0,"Caddy_DOC - Feb 04, 2020; 11-47-40 AM",N221730082,toc,DO13C
10-Mar-21,2:05:01 PM,84,85,%RSD,G080,Sample,TOC,0,0,0,"Caddy_DOC - Feb 04, 2020; 11-47-40 AM",N221730082,toc,DO13C
10-Mar-21,2:31:32 PM,85,86,1,G078,Sample,TOC,83686.92,0,0,"Caddy_DOC - Feb 04, 2020; 11-47-40 AM",N221730082,toc,DO13C
10-Mar-21,2:31:32 PM,85,86,Avg,G078,Sample,TOC,83686.92,0,0,"Caddy_DOC - Feb 04, 2020; 11-47-40 AM",N221730082,toc,DO13C
10-Mar-21,2:31:32 PM,85,86,StDev,G078,Sample,TOC,0,0,0,"Caddy_DOC - Feb 04, 2020; 11-47-40 AM",N221730082,toc,DO13C
10-Mar-21,2:31:32 PM,85,86,%RSD,G078,Sample,TOC,0,0,0,"Caddy_DOC - Feb 04, 2020; 11-47-40 AM",N221730082,toc,DO13C
10-Mar-21,2:57:25 PM,86,87,1,G058,Sample,TOC,108657.752,0,0,"Caddy_DOC - Feb 04, 2020; 11-47-40 AM",N221730082,toc,DO13C
10-Mar-21,2:57:25 PM,86,87,Avg,G058,Sample,TOC,108657.752,0,0,"Caddy_DOC - Feb 04, 2020; 11-47-40 AM",N221730082,toc,DO13C
10-Mar-21,2:57:25 PM,86,87,StDev,G058,Sample,TOC,0,0,0,"Caddy_DOC - Feb 04, 2020; 11-47-40 AM",N221730082,toc,DO13C
10-Mar-21,2:57:25 PM,86,87,%RSD,G058,Sample,TOC,0,0,0,"Caddy_DOC - Feb 04, 2020; 11-47-40 AM",N221730082,toc,DO13C
10-Mar-21,3:23:39 PM,87,88,1,LCS-Cane Sugar,Sample,TOC,147607.237,0,0,"Caddy_DOC - Feb 04, 2020; 11-47-40 AM",N221730082,toc,QC
10-Mar-21,3:23:39 PM,87,88,Avg,LCS-Cane Sugar,Sample,TOC,147607.237,0,0,"Caddy_DOC - Feb 04, 2020; 11-47-40 AM",N221730082,toc,QC
10-Mar-21,3:23:39 PM,87,88,StDev,LCS-Cane Sugar,Sample,TOC,0,0,0,"Caddy_DOC - Feb 04, 2020; 11-47-40 AM",N221730082,toc,QC
10-Mar-21,3:23:39 PM,87,88,%RSD,LCS-Cane Sugar,Sample,TOC,0,0,0,"Caddy_DOC - Feb 04, 2020; 11-47-40 AM",N221730082,toc,QC
10-Mar-21,3:50:24 PM,88,89,1,DI Blank,Sample,TOC,2580.611,0,0,"Caddy_DOC - Feb 04, 2020; 11-47-40 AM",N221730082,toc,--
10-Mar-21,3:50:23 PM,88,89,Avg,DI Blank,Sample,TOC,2580.611,0,0,"Caddy_DOC - Feb 04, 2020; 11-47-40 AM",N221730082,toc,--
10-Mar-21,3:50:23 PM,88,89,StDev,DI Blank,Sample,TOC,0,0,0,"Caddy_DOC - Feb 04, 2020; 11-47-40 AM",N221730082,toc,--
10-Mar-21,3:50:23 PM,88,89,%RSD,DI Blank,Sample,TOC,0,0,0,"Caddy_DOC - Feb 04, 2020; 11-47-40 AM",N221730082,toc,--
10-Mar-21,4:01:38 PM,-,90,1,Clean Up,CleanUp,TC,1815.031,0,0,DefaultCleanUpMethod,N221730082,toc,--
10-Mar-21,4:01:38 PM,-,90,Avg,Clean Up,CleanUp,TC,1815.031,0,0,DefaultCleanUpMethod,N221730082,toc,--
10-Mar-21,4:01:38 PM,-,90,StDev,Clean Up,CleanUp,TC,0,0,0,DefaultCleanUpMethod,N221730082,toc,--
10-Mar-21,4:01:38 PM,-,90,%RSD,Clean Up,CleanUp,TC,0,0,0,DefaultCleanUpMethod,N221730082,toc,--
