,SiteName,SiteID,ReleaseDate,ReleaseTime,gNaCl,gGlucose,SampleDate,SampleTime,SpC.us.cm,TempH2O.C,Syringe,ALK.ID,DOC.ID,NOTES,DOC_conc,Delta 13C,Alkalinity (meq/L),CO2,delCO2,CH4,delCH4
1,Creston,58mFlagging,8/15/19,9:00:00,400,3,8/16/19,8:55:00,NA,NA,M29,NA,NotEntered,NA,NA,NA,NA,2606.862355,-21.60352093,11.46003373,-59.68994657
2,Creston,Above0m,8/15/19,9:00:00,400,3,8/16/19,10:30:00,NA,NA,VT017,D1328,G044,NA,1.73,-9.86,NA,2298.997205,-23.2042711,9.760280204,-57.71754311
3,Creston,Above0m,8/15/19,9:00:00,400,3,8/16/19,14:08:00,NA,NA,VT008,NA,G011,NA,8.26,-20.293,NA,1761.075709,-19.39398504,5.886030728,-56.38159143
4,Creston,Above0m,8/15/19,9:00:00,400,3,8/16/19,15:33:00,NA,NA,VT009,NA,G075,NA,4.96,-23.376,NA,2793.51432,-21.99662072,9.509075215,-64.59931065
5,Creston,Above0m,8/15/19,9:00:00,400,3,8/16/19,16:50:00,NA,NA,VT025,NA,G058,NA,3.63,-20.848,NA,2614.336162,-20.48784984,9.145764568,-57.94169135
6,Creston,Above0m,8/15/19,9:00:00,400,3,8/16/19,17:20:00,NA,NA,VT004,NA,G074,NA,3.45,-22.565,NA,2443.145914,-15.54276535,8.768784218,-56.80543529
7,Creston,AbovePoolAboveUp,8/15/19,9:00:00,400,3,8/16/19,9:02:00,NA,NA,M121,NA,NotEntered,NA,NA,NA,NA,2506.897003,-22.58677487,4.214367509,-55.45082829
8,Creston,BlowPoolBelowUp,8/15/19,9:00:00,400,3,8/16/19,9:05:00,NA,NA,VT002,NA,NotEntered,NA,NA,NA,NA,2450.632703,-21.95124024,8.22263004,-59.15354718
9,Creston,Down,8/15/19,9:00:00,400,3,8/15/19,9:37:00,697,12.2,NA,NA,NotEntered,NA,NA,NA,NA,NA,NA,NA,NA
10,Creston,Down,8/15/19,9:00:00,400,3,8/15/19,9:40:00,700,12.3,VT047,D2204,G018,NA,6.21,-20.675,5.4,2597.781739,-20.33386275,8.972377072,-59.1955644
11,Creston,Down,8/15/19,9:00:00,400,3,8/15/19,9:43:00,700,12.3,NA,NA,NotEntered,NA,NA,NA,NA,NA,NA,NA,NA
12,Creston,Down,8/15/19,9:00:00,400,3,8/15/19,9:46:00,700,12.3,NA,NA,NotEntered,NA,NA,NA,NA,NA,NA,NA,NA
13,Creston,Down,8/15/19,9:00:00,400,3,8/15/19,9:49:00,700,12.4,NA,NA,NotEntered,NA,NA,NA,NA,NA,NA,NA,NA
14,Creston,Down,8/15/19,9:00:00,400,3,8/15/19,9:50:00,699,12.5,VT044,NA,G026,NA,5.94,-20.595,NA,2490.714304,-20.41783788,9.030392954,-59.41144809
15,Creston,Down,8/15/19,9:00:00,400,3,8/15/19,9:52:00,699,12.5,NA,NA,NotEntered,NA,NA,NA,NA,NA,NA,NA,NA
16,Creston,Down,8/15/19,9:00:00,400,3,8/15/19,9:55:00,698,12.6,NA,NA,NotEntered,NA,NA,NA,NA,NA,NA,NA,NA
17,Creston,Down,8/15/19,9:00:00,400,3,8/15/19,9:58:00,698,12.6,NA,NA,NotEntered,NA,NA,NA,NA,NA,NA,NA,NA
18,Creston,Down,8/15/19,9:00:00,400,3,8/15/19,10:00:00,698,12.7,VT028,D1192,G062,NA,2.42,-13.978,NA,2508.550593,-20.14785643,8.89787366,-58.96483996
19,Creston,Down,8/15/19,9:00:00,400,3,8/15/19,10:01:00,698,12.7,NA,NA,NotEntered,NA,NA,NA,NA,NA,NA,NA,NA
20,Creston,Down,8/15/19,9:00:00,400,3,8/15/19,10:04:00,698,12.8,NA,NA,NotEntered,NA,NA,NA,NA,NA,NA,NA,NA
21,Creston,Down,8/15/19,9:00:00,400,3,8/15/19,10:07:00,697,12.9,NA,NA,NotEntered,NA,NA,NA,NA,NA,NA,NA,NA
22,Creston,Down,8/15/19,9:00:00,400,3,8/15/19,10:10:00,697,13,VT023,NA,G069,NA,1.95,-0.842,NA,2359.831807,-20.35222675,8.632360874,-59.29060586
23,Creston,Down,8/15/19,9:00:00,400,3,8/15/19,10:13:00,696,13,NA,NA,NotEntered,NA,NA,NA,NA,NA,NA,NA,NA
24,Creston,Down,8/15/19,9:00:00,400,3,8/15/19,10:15:00,698,13.4,NA,NA,NotEntered,NA,NA,NA,NA,NA,NA,NA,NA
25,Creston,Down,8/15/19,9:00:00,400,3,8/15/19,10:19:00,696,13.2,NA,NA,NotEntered,NA,NA,NA,NA,NA,NA,NA,NA
26,Creston,Down,8/15/19,9:00:00,400,3,8/15/19,10:20:00,697,13.2,VT042,D2236,G049,NA,2.28,9.257,NA,2312.172365,-20.72533158,8.748905969,-59.26239395
27,Creston,Down,8/15/19,9:00:00,400,3,8/15/19,10:22:00,697,13.2,NA,NA,NotEntered,NA,NA,NA,NA,NA,NA,NA,NA
28,Creston,Down,8/15/19,9:00:00,400,3,8/15/19,10:25:00,698,13.4,VT033,NA,G037,NA,2.17,36.055,NA,2349.678558,-18.61246793,8.854862664,-58.52978756
29,Creston,Down,8/15/19,9:00:00,400,3,8/15/19,10:28:00,701,13.4,NA,NA,NotEntered,NA,NA,NA,NA,NA,NA,NA,NA
30,Creston,Down,8/15/19,9:00:00,400,3,8/15/19,10:30:00,702,13.5,U042,D2263,G039,NA,2.09,121.329,NA,2395.398682,-18.39019468,8.515541735,-59.15058529
31,Creston,Down,8/15/19,9:00:00,400,3,8/15/19,10:31:00,703,13.5,NA,NA,NotEntered,NA,NA,NA,NA,NA,NA,NA,NA
32,Creston,Down,8/15/19,9:00:00,400,3,8/15/19,10:32:00,705,13.6,NA,NA,NotEntered,NA,NA,NA,NA,NA,NA,NA,NA
33,Creston,Down,8/15/19,9:00:00,400,3,8/15/19,10:33:00,706,13.6,NA,NA,NotEntered,NA,NA,NA,NA,NA,NA,NA,NA
34,Creston,Down,8/15/19,9:00:00,400,3,8/15/19,10:34:00,707,13.6,NA,NA,NotEntered,NA,NA,NA,NA,NA,NA,NA,NA
35,Creston,Down,8/15/19,9:00:00,400,3,8/15/19,10:35:00,709,13.6,VT038,NA,G020,NA,5.72,79.822,NA,2285.587941,-14.2075604,7.88709422,-58.85593056
36,Creston,Down,8/15/19,9:00:00,400,3,8/15/19,10:36:00,710,13.6,NA,NA,NotEntered,NA,NA,NA,NA,NA,NA,NA,NA
37,Creston,Down,8/15/19,9:00:00,400,3,8/15/19,10:37:00,711,13.6,NA,NA,NotEntered,NA,NA,NA,NA,NA,NA,NA,NA
38,Creston,Down,8/15/19,9:00:00,400,3,8/15/19,10:38:00,716,13.7,NA,NA,NotEntered,NA,NA,NA,NA,NA,NA,NA,NA
39,Creston,Down,8/15/19,9:00:00,400,3,8/15/19,10:39:00,717,13.8,NA,NA,NotEntered,NA,NA,NA,NA,NA,NA,NA,NA
40,Creston,Down,8/15/19,9:00:00,400,3,8/15/19,10:40:00,719,13.8,U041,D2222,G047,NA,2.06,426.657,5.28,2364.485853,-14.60304085,8.110068823,-58.80259069
41,Creston,Down,8/15/19,9:00:00,400,3,8/15/19,10:41:00,720,13.8,NA,NA,NotEntered,NA,NA,NA,NA,NA,NA,NA,NA
42,Creston,Down,8/15/19,9:00:00,400,3,8/15/19,10:42:00,722,13.8,NA,NA,NotEntered,NA,NA,NA,NA,NA,NA,NA,NA
43,Creston,Down,8/15/19,9:00:00,400,3,8/15/19,10:43:00,723,13.9,NA,NA,NotEntered,NA,NA,NA,NA,NA,NA,NA,NA
44,Creston,Down,8/15/19,9:00:00,400,3,8/15/19,10:44:00,725,13.9,NA,NA,NotEntered,NA,NA,NA,NA,NA,NA,NA,NA
45,Creston,Down,8/15/19,9:00:00,400,3,8/15/19,10:45:00,726,13.9,U025,NA,G050,NA,2.04,524.799,NA,2222.151967,-12.00551228,7.821864729,-58.96251598
46,Creston,Down,8/15/19,9:00:00,400,3,8/15/19,10:46:00,728,14,NA,NA,NotEntered,NA,NA,NA,NA,NA,NA,NA,NA
47,Creston,Down,8/15/19,9:00:00,400,3,8/15/19,10:47:00,730,14,NA,NA,NotEntered,NA,NA,NA,NA,NA,NA,NA,NA
48,Creston,Down,8/15/19,9:00:00,400,3,8/15/19,10:48:00,732,14,NA,NA,NotEntered,NA,NA,NA,NA,NA,NA,NA,NA
49,Creston,Down,8/15/19,9:00:00,400,3,8/15/19,10:49:00,733,14,NA,NA,NotEntered,NA,NA,NA,NA,NA,NA,NA,NA
50,Creston,Down,8/15/19,9:00:00,400,3,8/15/19,10:50:00,734,14.1,VT045,D1227,G038,NA,2.24,644.559,NA,2320.91331,-10.54226885,8.256034161,-58.5859374
51,Creston,Down,8/15/19,9:00:00,400,3,8/15/19,10:51:00,736,14,NA,NA,NotEntered,NA,NA,NA,NA,NA,NA,NA,NA
52,Creston,Down,8/15/19,9:00:00,400,3,8/15/19,10:52:00,738,14.1,NA,NA,NotEntered,NA,NA,NA,NA,NA,NA,NA,NA
53,Creston,Down,8/15/19,9:00:00,400,3,8/15/19,10:53:00,738,14.1,NA,NA,NotEntered,NA,NA,NA,NA,NA,NA,NA,NA
54,Creston,Down,8/15/19,9:00:00,400,3,8/15/19,10:54:00,739,14.1,NA,NA,NotEntered,NA,NA,NA,NA,NA,NA,NA,NA
55,Creston,Down,8/15/19,9:00:00,400,3,8/15/19,10:55:00,741,14.2,U007,NA,G061,NA,2.31,647.491,NA,2176.45504,-6.615172408,7.680293335,-59.30963306
56,Creston,Down,8/15/19,9:00:00,400,3,8/15/19,10:56:00,742,14.2,NA,NA,NotEntered,NA,NA,NA,NA,NA,NA,NA,NA
57,Creston,Down,8/15/19,9:00:00,400,3,8/15/19,10:57:00,744,14.2,NA,NA,NotEntered,NA,NA,NA,NA,NA,NA,NA,NA
58,Creston,Down,8/15/19,9:00:00,400,3,8/15/19,10:58:00,744,14.3,NA,NA,NotEntered,NA,NA,NA,NA,NA,NA,NA,NA
59,Creston,Down,8/15/19,9:00:00,400,3,8/15/19,10:59:00,745,14.3,NA,NA,NotEntered,NA,NA,NA,NA,NA,NA,NA,NA
60,Creston,Down,8/15/19,9:00:00,400,3,8/15/19,11:00:00,746,14.3,VT013,D2308,G048,NA,1.84,143.65,NA,2214.525724,-4.900457507,7.993977441,-59.00295648
61,Creston,Down,8/15/19,9:00:00,400,3,8/15/19,11:01:00,746,14.3,NA,NA,NotEntered,NA,NA,NA,NA,NA,NA,NA,NA
62,Creston,Down,8/15/19,9:00:00,400,3,8/15/19,11:02:00,747,14.5,NA,NA,NotEntered,NA,NA,NA,NA,NA,NA,NA,NA
63,Creston,Down,8/15/19,9:00:00,400,3,8/15/19,11:03:00,748,14.4,NA,NA,NotEntered,NA,NA,NA,NA,NA,NA,NA,NA
64,Creston,Down,8/15/19,9:00:00,400,3,8/15/19,11:04:00,749,14.4,NA,NA,NotEntered,NA,NA,NA,NA,NA,NA,NA,NA
65,Creston,Down,8/15/19,9:00:00,400,3,8/15/19,11:05:00,749,14.5,U018,NA,G060,NA,2.08,793.112,NA,2149.343791,-4.707486025,7.643660537,-58.8375339
66,Creston,Down,8/15/19,9:00:00,400,3,8/15/19,11:06:00,749,14.5,NA,NA,NotEntered,NA,NA,NA,NA,NA,NA,NA,NA
67,Creston,Down,8/15/19,9:00:00,400,3,8/15/19,11:07:00,750,14.6,NA,NA,NotEntered,NA,NA,NA,NA,NA,NA,NA,NA
68,Creston,Down,8/15/19,9:00:00,400,3,8/15/19,11:08:00,750,14.6,NA,NA,NotEntered,NA,NA,NA,NA,NA,NA,NA,NA
69,Creston,Down,8/15/19,9:00:00,400,3,8/15/19,11:09:00,750,14.6,NA,NA,NotEntered,NA,NA,NA,NA,NA,NA,NA,NA
70,Creston,Down,8/15/19,9:00:00,400,3,8/15/19,11:10:00,751,14.7,U012,D1318,G065,NA,2.24,715.592,NA,2324.790545,-3.335808563,7.865510944,-60.61411478
71,Creston,Down,8/15/19,9:00:00,400,3,8/15/19,11:11:00,751,14.7,NA,NA,NotEntered,NA,NA,NA,NA,NA,NA,NA,NA
72,Creston,Down,8/15/19,9:00:00,400,3,8/15/19,11:12:00,751,14.7,NA,NA,NotEntered,NA,NA,NA,NA,NA,NA,NA,NA
73,Creston,Down,8/15/19,9:00:00,400,3,8/15/19,11:13:00,751,14.7,NA,NA,NotEntered,NA,NA,NA,NA,NA,NA,NA,NA
74,Creston,Down,8/15/19,9:00:00,400,3,8/15/19,11:14:00,751,14.7,NA,NA,NotEntered,NA,NA,NA,NA,NA,NA,NA,NA
75,Creston,Down,8/15/19,9:00:00,400,3,8/15/19,11:15:00,751,14.8,NA,NA,NotEntered,NA,NA,NA,NA,NA,NA,NA,NA
76,Creston,Down,8/15/19,9:00:00,400,3,8/15/19,11:16:00,750,14.8,VT032,NA,G010,NA,5.89,215.362,NA,2188.549179,-0.705137391,7.527102038,-59.02535759
77,Creston,Down,8/15/19,9:00:00,400,3,8/15/19,11:17:00,750,14.8,NA,NA,NotEntered,NA,NA,NA,NA,NA,NA,NA,NA
78,Creston,Down,8/15/19,9:00:00,400,3,8/15/19,11:18:00,750,14.9,NA,NA,NotEntered,NA,NA,NA,NA,NA,NA,NA,NA
79,Creston,Down,8/15/19,9:00:00,400,3,8/15/19,11:19:00,750,14.9,NA,NA,NotEntered,NA,NA,NA,NA,NA,NA,NA,NA
80,Creston,Down,8/15/19,9:00:00,400,3,8/15/19,11:20:00,750,14.9,VT001,D1966,G068,NA,2.18,628.24,NA,1434.860394,-4.409619762,4.704790472,-57.13541094
81,Creston,Down,8/15/19,9:00:00,400,3,8/15/19,11:21:00,749,14.9,NA,NA,NotEntered,NA,NA,NA,NA,NA,NA,NA,NA
82,Creston,Down,8/15/19,9:00:00,400,3,8/15/19,11:22:00,749,15,NA,NA,NotEntered,NA,NA,NA,NA,NA,NA,NA,NA
83,Creston,Down,8/15/19,9:00:00,400,3,8/15/19,11:23:00,749,15,NA,NA,NotEntered,NA,NA,NA,NA,NA,NA,NA,NA
84,Creston,Down,8/15/19,9:00:00,400,3,8/15/19,11:24:00,750,15,NA,NA,NotEntered,NA,NA,NA,NA,NA,NA,NA,NA
85,Creston,Down,8/15/19,9:00:00,400,3,8/15/19,11:25:00,749,15.1,U003,NA,G067,NA,2.33,492.396,NA,2059.772729,-0.621622462,7.315493033,-58.03857266
86,Creston,Down,8/15/19,9:00:00,400,3,8/15/19,11:26:00,749,15.2,NA,NA,NotEntered,NA,NA,NA,NA,NA,NA,NA,NA
87,Creston,Down,8/15/19,9:00:00,400,3,8/15/19,11:27:00,749,15.2,NA,NA,NotEntered,NA,NA,NA,NA,NA,NA,NA,NA
88,Creston,Down,8/15/19,9:00:00,400,3,8/15/19,11:28:00,748,15.2,NA,NA,NotEntered,NA,NA,NA,NA,NA,NA,NA,NA
89,Creston,Down,8/15/19,9:00:00,400,3,8/15/19,11:29:00,748,15.2,NA,NA,NotEntered,NA,NA,NA,NA,NA,NA,NA,NA
90,Creston,Down,8/15/19,9:00:00,400,3,8/15/19,11:30:00,748,15.2,U048,D1216,G016,NA,2.96,39.988,5.24,2003.415122,1.659581391,6.878332593,-58.50927816
91,Creston,Down,8/15/19,9:00:00,400,3,8/15/19,11:33:00,746,15.4,NA,NA,NotEntered,NA,NA,NA,NA,NA,NA,NA,NA
92,Creston,Down,8/15/19,9:00:00,400,3,8/15/19,11:35:00,745,15.4,VT018,NA,G070,NA,2.17,397.413,NA,2137.062606,-0.505872994,7.103312674,-58.27084987
93,Creston,Down,8/15/19,9:00:00,400,3,8/15/19,11:36:00,745,15.4,NA,NA,NotEntered,NA,NA,NA,NA,NA,NA,NA,NA
94,Creston,Down,8/15/19,9:00:00,400,3,8/15/19,11:39:00,743,15.6,NA,NA,NotEntered,NA,NA,NA,NA,NA,NA,NA,NA
95,Creston,Down,8/15/19,9:00:00,400,3,8/15/19,11:40:00,743,15.4,VT030,D1277,G072,NA,1.92,372.059,NA,1944.485989,0.363220589,6.981122586,-58.54267138
96,Creston,Down,8/15/19,9:00:00,400,3,8/15/19,11:42:00,741,15.6,NA,NA,NotEntered,NA,NA,NA,NA,NA,NA,NA,NA
97,Creston,Down,8/15/19,9:00:00,400,3,8/15/19,11:45:00,739,15.7,VT029,NA,G017,NA,6.8,82.255,NA,1974.446328,0.62806371,6.904920645,-58.30302505
98,Creston,Down,8/15/19,9:00:00,400,3,8/15/19,11:48:00,737,15.8,NA,NA,NotEntered,NA,NA,NA,NA,NA,NA,NA,NA
99,Creston,Down,8/15/19,9:00:00,400,3,8/15/19,11:50:00,735,15.8,VT027,D2195,G040,NA,1.98,41.936,NA,2082.05889,-1.620253945,6.892336498,-58.88407962
100,Creston,Down,8/15/19,9:00:00,400,3,8/15/19,11:51:00,735,15.9,NA,NA,NotEntered,NA,NA,NA,NA,NA,NA,NA,NA
101,Creston,Down,8/15/19,9:00:00,400,3,8/15/19,11:53:00,736,16,U008,NA,G042,NA,1.99,249.068,NA,1895.660739,-0.305250658,6.741159163,-58.60142669
102,Creston,Down,8/15/19,9:00:00,400,3,8/15/19,11:54:00,735,16,NA,NA,NotEntered,NA,NA,NA,NA,NA,NA,NA,NA
103,Creston,Down,8/15/19,9:00:00,400,3,8/15/19,11:56:00,735,16.1,U013,D1195,G008,NA,2.03,246.834,NA,1993.746536,-1.569356415,6.388134128,-58.97675573
104,Creston,Down,8/15/19,9:00:00,400,3,8/15/19,11:57:00,734,16.1,NA,NA,NotEntered,NA,NA,NA,NA,NA,NA,NA,NA
105,Creston,Down,8/15/19,9:00:00,400,3,8/15/19,11:59:00,733,16.2,U043,NA,G059,NA,1.97,217.076,NA,1869.276305,-1.595336967,6.407850511,-58.29776481
106,Creston,Down,8/15/19,9:00:00,400,3,8/15/19,12:00:00,732,16.2,NA,NA,NotEntered,NA,NA,NA,NA,NA,NA,NA,NA
107,Creston,Down,8/15/19,9:00:00,400,3,8/15/19,12:02:00,731,16.3,VT012,NA,G012,NA,5.36,57.855,NA,1915.813224,-0.919223486,6.477772425,-58.28922748
108,Creston,Down,8/15/19,9:00:00,400,3,8/15/19,12:05:00,729,16.4,U001,NA,G013,NA,3.22,9.327,NA,1977.929934,-2.231681781,6.037523196,-58.28186209
109,Creston,Down,8/15/19,9:00:00,400,3,8/15/19,12:10:00,726,16.6,U030,D1268,G006,NA,3.78,2.39,NA,2070.404123,-1.880862074,5.954901577,-58.47635657
110,Creston,Down,8/15/19,9:00:00,400,3,8/15/19,12:15:00,724,16.6,VT041,NA,G079,NA,2.59,-1.31,NA,2286.806404,-2.016245153,6.047396294,-57.10140166
111,Creston,Down,8/15/19,9:00:00,400,3,8/15/19,12:20:00,721,16.9,NA,NA,NotEntered,NA,NA,NA,NA,NA,NA,NA,NA
112,Creston,Down,8/15/19,9:00:00,400,3,8/15/19,12:25:00,718,17.1,VT034,NA,G007,NA,4.34,-2.24,NA,2215.976784,-3.280155685,6.106470955,-60.54067372
113,Creston,Down,8/15/19,9:00:00,400,3,8/15/19,12:30:00,716,17.2,NA,NA,NotEntered,NA,NA,NA,NA,NA,NA,NA,NA
114,Creston,Down,8/15/19,9:00:00,400,3,8/15/19,12:35:00,715,17.4,U011,K112,G005,NA,2.32,10.629,NA,2081.988831,5.930709691,5.92461181,-60.16709845
115,Creston,Down,8/15/19,9:00:00,400,3,8/15/19,12:45:00,711,17.6,VT016,NA,G073,NA,3.21,12.09,NA,2613.57461,-6.046949719,6.07572051,-66.61515868
116,Creston,Down,8/15/19,9:00:00,400,3,8/15/19,12:50:00,710,17.8,NA,NA,NotEntered,NA,NA,NA,NA,NA,NA,NA,NA
117,Creston,Down,8/15/19,9:00:00,400,3,8/15/19,12:55:00,707,18,NA,NA,NotEntered,NA,NA,NA,NA,NA,NA,NA,NA
118,Creston,Down,8/15/19,9:00:00,400,3,8/15/19,13:00:00,705,18.2,NA,NA,NotEntered,NA,NA,NA,NA,NA,NA,NA,NA
119,Creston,Down,8/15/19,9:00:00,400,3,8/15/19,13:05:00,704,18.3,NA,NA,NotEntered,NA,NA,NA,NA,NA,NA,NA,NA
120,Creston,Down,8/15/19,9:00:00,400,3,8/15/19,13:10:00,702,18.5,NA,NA,NotEntered,NA,NA,NA,NA,NA,NA,NA,NA
121,Creston,Down,8/15/19,9:00:00,400,3,8/15/19,13:15:00,701,18.6,U009,K113,G004,NA,39.5,-21.935,5.16,1863.184661,-6.038156703,5.328799405,-60.66300033
122,Creston,Down,8/15/19,9:00:00,400,3,8/15/19,13:20:00,699,18.8,NA,NA,NotEntered,NA,NA,NA,NA,NA,NA,NA,NA
123,Creston,Down,8/15/19,9:00:00,400,3,8/15/19,13:25:00,697,18.9,NA,NA,NotEntered,NA,NA,NA,NA,NA,NA,NA,NA
124,Creston,Down,8/15/19,9:00:00,400,3,8/15/19,13:30:00,697,19.1,NA,NA,NotEntered,NA,NA,NA,NA,NA,NA,NA,NA
125,Creston,Down,8/15/19,9:00:00,400,3,8/15/19,13:35:00,695,19.2,NA,NA,NotEntered,NA,NA,NA,NA,NA,NA,NA,NA
126,Creston,Down,8/15/19,9:00:00,400,3,8/15/19,13:40:00,713,17.5,NA,NA,NotEntered,NA,NA,NA,NA,NA,NA,NA,NA
127,Creston,Down,8/15/19,9:00:00,400,3,8/15/19,13:40:00,693,19.3,NA,NA,NotEntered,NA,NA,NA,NA,NA,NA,NA,NA
128,Creston,Down,8/15/19,9:00:00,400,3,8/15/19,13:45:00,692,19.4,VT011,NA,G076,NA,5.81,-20.224,NA,1911.887718,-7.541503756,4.997624301,-59.36419893
129,Creston,Down,8/15/19,9:00:00,400,3,8/15/19,13:50:00,NA,NA,NA,NA,NotEntered,NA,NA,NA,NA,NA,NA,NA,NA
130,Creston,Down,8/15/19,9:00:00,400,3,8/15/19,13:55:00,NA,NA,NA,NA,NotEntered,NA,NA,NA,NA,NA,NA,NA,NA
131,Creston,Down,8/15/19,9:00:00,400,3,8/15/19,14:00:00,689,19.8,NA,NA,NotEntered,NA,NA,NA,NA,NA,NA,NA,NA
132,Creston,Down,8/15/19,9:00:00,400,3,8/15/19,14:05:00,688,19.9,NA,NA,NotEntered,NA,NA,NA,NA,NA,NA,NA,NA
133,Creston,Down,8/15/19,9:00:00,400,3,8/15/19,14:10:00,687,20,NA,NA,NotEntered,NA,NA,NA,NA,NA,NA,NA,NA
134,Creston,Down,8/15/19,9:00:00,400,3,8/15/19,14:15:00,686,20.2,U005,D1269,G014,NA,45.4,-22.361,NA,2278.830517,-11.62149782,4.805757913,-66.79431987
135,Creston,Down,8/15/19,9:00:00,400,3,8/15/19,14:20:00,685,20.3,NA,NA,NotEntered,NA,NA,NA,NA,NA,NA,NA,NA
136,Creston,Down,8/15/19,9:00:00,400,3,8/15/19,14:25:00,683,20.4,NA,NA,NotEntered,NA,NA,NA,NA,NA,NA,NA,NA
137,Creston,Down,8/15/19,9:00:00,400,3,8/15/19,14:30:00,683,20.4,NA,NA,NotEntered,NA,NA,NA,NA,NA,NA,NA,NA
138,Creston,Down,8/15/19,9:00:00,400,3,8/15/19,14:35:00,682,20.6,NA,NA,NotEntered,NA,NA,NA,NA,NA,NA,NA,NA
139,Creston,Down,8/15/19,9:00:00,400,3,8/15/19,14:40:00,681,20.7,NA,NA,NotEntered,NA,NA,NA,NA,NA,NA,NA,NA
140,Creston,Down,8/15/19,9:00:00,400,3,8/15/19,14:45:00,681,20.7,U016,NA,G001,NA,61.9,-23.576,NA,2012.515744,-13.09531515,4.430614817,-63.27491761
141,Creston,Down,8/15/19,9:00:00,400,3,8/15/19,14:50:00,680,20.8,NA,NA,NotEntered,NA,NA,NA,NA,NA,NA,NA,NA
142,Creston,Down,8/15/19,9:00:00,400,3,8/15/19,14:55:00,679,20.8,NA,NA,NotEntered,NA,NA,NA,NA,NA,NA,NA,NA
143,Creston,Down,8/15/19,9:00:00,400,3,8/15/19,15:00:00,678,20.8,NA,NA,NotEntered,NA,NA,NA,NA,NA,NA,NA,NA
144,Creston,Down,8/15/19,9:00:00,400,3,8/15/19,15:15:00,677,21.1,NA,NA,NotEntered,NA,NA,NA,NA,NA,NA,NA,NA
145,Creston,Down,8/15/19,9:00:00,400,3,8/15/19,15:30:00,676,21.2,NA,NA,NotEntered,NA,NA,NA,NA,NA,NA,NA,NA
146,Creston,Down,8/15/19,9:00:00,400,3,8/15/19,15:45:00,674,21.3,U002,D1263,G070,NA,NA,NA,NA,1608.875393,-14.6453005,4.322209108,-61.95146978
147,Creston,Down,8/15/19,9:00:00,400,3,8/15/19,16:00:00,NA,NA,NA,NA,NotEntered,NA,NA,NA,NA,NA,NA,NA,NA
148,Creston,Down,8/15/19,9:00:00,400,3,8/15/19,16:15:00,673,21.2,NA,NA,NotEntered,NA,NA,NA,NA,NA,NA,NA,NA
149,Creston,Down,8/15/19,9:00:00,400,3,8/15/19,16:30:00,672,21.1,NA,NA,NotEntered,NA,NA,NA,NA,NA,NA,NA,NA
150,Creston,Down,8/15/19,9:00:00,400,3,8/15/19,16:45:00,674,20.9,VT010,K111,G003,NA,45.6,-22.683,NA,1650.186458,-15.56207492,4.575814858,-62.50748406
151,Creston,Down,8/15/19,9:00:00,400,3,8/15/19,17:30:00,674,20.4,U028,D248,G071,NA,2.56,-14.588,NA,1543.565165,-15.87477814,4.261731628,-61.51949125
152,Creston,Down,8/15/19,9:00:00,400,3,8/15/19,18:45:00,NA,NA,VT043,NA,G057,NA,2.19,-12.902,NA,1922.731688,-17.3039718,4.292080576,-59.00780994
153,Creston,Down,8/15/19,9:00:00,400,3,8/15/19,21:05:00,NA,NA,U010,NA,NotEntered,NA,NA,NA,NA,2388.800986,-19.23752676,5.957605023,-59.81586373
154,Creston,Down,8/15/19,9:00:00,400,3,8/15/19,21:05:00,NA,NA,VT046,NA,NotEntered,NA,NA,NA,NA,2332.318117,-19.30144357,5.94688503,-59.64585787
155,Creston,Down,8/15/19,9:00:00,400,3,8/16/19,8:50:00,NA,NA,VT007,NA,NotEntered,NA,NA,NA,NA,2615.626609,-22.0789833,7.909469294,-58.04231169
156,Creston,Down,8/15/19,9:00:00,400,3,8/16/19,8:50:00,NA,NA,VT048,NA,NotEntered,NA,NA,NA,NA,2589.679117,-21.61311428,8.198233701,-58.70874861
157,Creston,Up,8/15/19,9:00:00,400,3,8/15/19,9:05:00,693,11.6,NA,NA,NotEntered,NA,NA,NA,NA,NA,NA,NA,NA
158,Creston,Up,8/15/19,9:00:00,400,3,8/15/19,9:10:00,692,11.7,VT035,NA,G032,NA,1.86,1.101,NA,2476.311426,-22.66397891,10.32460607,-60.96880647
159,Creston,Up,8/15/19,9:00:00,400,3,8/15/19,9:14:00,694,11.7,NA,NA,NotEntered,NA,NA,NA,NA,NA,NA,NA,NA
160,Creston,Up,8/15/19,9:00:00,400,3,8/15/19,9:15:00,695,11.7,NA,NA,NotEntered,NA,NA,NA,NA,NA,NA,NA,NA
161,Creston,Up,8/15/19,9:00:00,400,3,8/15/19,9:19:00,694,11.8,NA,NA,NotEntered,NA,NA,NA,NA,NA,NA,NA,NA
162,Creston,Up,8/15/19,9:00:00,400,3,8/15/19,9:20:30,694,11.8,VT014,D1314,G025,NA,3.56,-1.904,5.36,2305.844905,-24.15974545,10.31128518,-61.97190614
163,Creston,Up,8/15/19,9:00:00,400,3,8/15/19,9:24:00,694,11.8,NA,NA,NotEntered,NA,NA,NA,NA,NA,NA,NA,NA
164,Creston,Up,8/15/19,9:00:00,400,3,8/15/19,9:25:05,694,11.8,VT002,NA,G043,NA,1.94,-7.859,NA,2287.636207,-22.53877207,9.770446562,-61.97892894
165,Creston,Up,8/15/19,9:00:00,400,3,8/15/19,9:28:30,694,11.9,NA,NA,NotEntered,NA,NA,NA,NA,NA,NA,NA,NA
166,Creston,Up,8/15/19,9:00:00,400,3,8/15/19,9:30:00,694,11.9,NA,NA,NotEntered,NA,NA,NA,NA,NA,NA,NA,NA
167,Creston,Up,8/15/19,9:00:00,400,3,8/15/19,9:35:00,694,12,VT007,D1257,G021,NA,5.22,-3.996,NA,2300.958169,-22.01814851,9.746259114,-61.1614735
168,Creston,Up,8/15/19,9:00:00,400,3,8/15/19,9:37:00,695,12,NA,NA,NotEntered,NA,NA,NA,NA,NA,NA,NA,NA
169,Creston,Up,8/15/19,9:00:00,400,3,8/15/19,9:39:00,697,12,VT046,NA,G034,NA,1.87,209.151,NA,2439.154594,-21.38417605,9.877179482,-61.26310613
170,Creston,Up,8/15/19,9:00:00,400,3,8/15/19,9:40:00,697,12.1,NA,NA,NotEntered,NA,NA,NA,NA,NA,NA,NA,NA
171,Creston,Up,8/15/19,9:00:00,400,3,8/15/19,9:41:00,699,12.1,NA,NA,NotEntered,NA,NA,NA,NA,NA,NA,NA,NA
172,Creston,Up,8/15/19,9:00:00,400,3,8/15/19,9:42:00,700,12.1,VT048,D350,G028,NA,1.91,405.198,NA,2236.785324,-19.79692247,9.696352804,-60.90165202
173,Creston,Up,8/15/19,9:00:00,400,3,8/15/19,9:43:00,703,12.1,NA,NA,NotEntered,NA,NA,NA,NA,NA,NA,NA,NA
174,Creston,Up,8/15/19,9:00:00,400,3,8/15/19,9:44:00,705,12.1,NA,NA,NotEntered,NA,NA,NA,NA,NA,NA,NA,NA
175,Creston,Up,8/15/19,9:00:00,400,3,8/15/19,9:45:00,707,12.2,VT040,NA,G064,NA,1.9,770.134,NA,2365.497956,-18.72967026,9.900448072,-61.61758573
176,Creston,Up,8/15/19,9:00:00,400,3,8/15/19,9:46:00,710,12.2,NA,NA,NotEntered,NA,NA,NA,NA,NA,NA,NA,NA
177,Creston,Up,8/15/19,9:00:00,400,3,8/15/19,9:47:00,714,12.2,NA,NA,NotEntered,NA,NA,NA,NA,NA,NA,NA,NA
178,Creston,Up,8/15/19,9:00:00,400,3,8/15/19,9:48:00,717,12.2,U027,NA,G031,NA,1.8,338.791,NA,2312.449754,-19.2812503,8.916975749,-61.42543981
179,Creston,Up,8/15/19,9:00:00,400,3,8/15/19,9:49:00,721,12.3,NA,NA,NotEntered,NA,NA,NA,NA,NA,NA,NA,NA
180,Creston,Up,8/15/19,9:00:00,400,3,8/15/19,9:50:00,726,12.3,NA,NA,NotEntered,NA,NA,NA,NA,NA,NA,NA,NA
181,Creston,Up,8/15/19,9:00:00,400,3,8/15/19,9:51:00,731,12.3,U014,D2214,G045,NA,1.76,340.563,NA,2165.121024,-17.48693162,9.382383153,-61.37729503
182,Creston,Up,8/15/19,9:00:00,400,3,8/15/19,9:52:00,737,12.3,NA,NA,NotEntered,NA,NA,NA,NA,NA,NA,NA,NA
183,Creston,Up,8/15/19,9:00:00,400,3,8/15/19,9:53:00,742,12.3,NA,NA,NotEntered,NA,NA,NA,NA,NA,NA,NA,NA
184,Creston,Up,8/15/19,9:00:00,400,3,8/15/19,9:54:00,751,12.3,U010,NA,G030,NA,1.78,3120.431,NA,2279.684926,-16.72625862,9.068706581,-61.69915725
185,Creston,Up,8/15/19,9:00:00,400,3,8/15/19,9:55:00,755,12.4,NA,NA,NotEntered,NA,NA,NA,NA,NA,NA,NA,NA
186,Creston,Up,8/15/19,9:00:00,400,3,8/15/19,9:56:00,762,12.4,NA,NA,NotEntered,NA,NA,NA,NA,NA,NA,NA,NA
187,Creston,Up,8/15/19,9:00:00,400,3,8/15/19,9:57:00,769,12.4,VT025,D1222,G024,NA,7.39,1017.524,NA,2131.26197,-9.715322307,9.020010566,-60.7995797
188,Creston,Up,8/15/19,9:00:00,400,3,8/15/19,9:58:00,776,12.4,NA,NA,NotEntered,NA,NA,NA,NA,NA,NA,NA,NA
189,Creston,Up,8/15/19,9:00:00,400,3,8/15/19,9:59:00,783,12.5,NA,NA,NotEntered,NA,NA,NA,NA,NA,NA,NA,NA
190,Creston,Up,8/15/19,9:00:00,400,3,8/15/19,10:00:00,790,12.5,U033,NA,G054,NA,1.92,4521.786,NA,2038.651385,-12.01516758,8.212099535,-60.817627
191,Creston,Up,8/15/19,9:00:00,400,3,8/15/19,10:01:00,793,12.5,NA,NA,NotEntered,NA,NA,NA,NA,NA,NA,NA,NA
192,Creston,Up,8/15/19,9:00:00,400,3,8/15/19,10:02:00,794,12.5,NA,NA,NotEntered,NA,NA,NA,NA,NA,NA,NA,NA
193,Creston,Up,8/15/19,9:00:00,400,3,8/15/19,10:03:00,799,12.6,VT043,NA,G023,COND @ 10:03:30,5.48,1727.189,NA,2011.137665,-10.09995699,7.942921267,-61.44973591
194,Creston,Up,8/15/19,9:00:00,400,3,8/15/19,10:04:00,800,12.6,NA,NA,NotEntered,NA,NA,NA,NA,NA,NA,NA,NA
195,Creston,Up,8/15/19,9:00:00,400,3,8/15/19,10:05:00,801,12.6,NA,NA,NotEntered,NA,NA,NA,NA,NA,NA,NA,NA
196,Creston,Up,8/15/19,9:00:00,400,3,8/15/19,10:06:10,808,12.7,VT024,NA,G055,seemed to be real jump in cond? Stable at both intervals with shaking the sensor,2.06,4455.135,NA,2220.166818,-6.096079427,8.214951261,-60.7157081
197,Creston,Up,8/15/19,9:00:00,400,3,8/15/19,10:07:00,808,12.7,NA,NA,NotEntered,NA,NA,NA,NA,NA,NA,NA,NA
198,Creston,Up,8/15/19,9:00:00,400,3,8/15/19,10:08:00,807,12.7,NA,NA,NotEntered,NA,NA,NA,NA,NA,NA,NA,NA
199,Creston,Up,8/15/19,9:00:00,400,3,8/15/19,10:09:00,807,12.7,NA,NA,NotEntered,NA,NA,NA,NA,NA,NA,NA,NA
200,Creston,Up,8/15/19,9:00:00,400,3,8/15/19,10:10:00,806,12.8,VT050,D1332,G035,NA,1.83,4652.901,5.36,2096.123404,-5.294618133,7.903568478,-61.13474255
201,Creston,Up,8/15/19,9:00:00,400,3,8/15/19,10:11:00,806,12.8,NA,NA,NotEntered,NA,NA,NA,NA,NA,NA,NA,NA
202,Creston,Up,8/15/19,9:00:00,400,3,8/15/19,10:12:00,806,12.8,NA,NA,NotEntered,NA,NA,NA,NA,NA,NA,NA,NA
203,Creston,Up,8/15/19,9:00:00,400,3,8/15/19,10:13:00,805,12.8,NA,NA,NotEntered,NA,NA,NA,NA,NA,NA,NA,NA
204,Creston,Up,8/15/19,9:00:00,400,3,8/15/19,10:14:00,805,12.8,NA,NA,NotEntered,NA,NA,NA,NA,NA,NA,NA,NA
205,Creston,Up,8/15/19,9:00:00,400,3,8/15/19,10:15:00,805,12.8,VT020,NA,G022,NA,3.65,294.919,NA,2080.538769,-5.503152106,7.634409412,-61.50541999
206,Creston,Up,8/15/19,9:00:00,400,3,8/15/19,10:16:00,804,12.8,NA,NA,NotEntered,NA,NA,NA,NA,NA,NA,NA,NA
207,Creston,Up,8/15/19,9:00:00,400,3,8/15/19,10:17:00,803,12.9,NA,NA,NotEntered,NA,NA,NA,NA,NA,NA,NA,NA
208,Creston,Up,8/15/19,9:00:00,400,3,8/15/19,10:18:00,803,12.9,NA,NA,NotEntered,NA,NA,NA,NA,NA,NA,NA,NA
209,Creston,Up,8/15/19,9:00:00,400,3,8/15/19,10:19:00,801,12.9,NA,NA,NotEntered,NA,NA,NA,NA,NA,NA,NA,NA
210,Creston,Up,8/15/19,9:00:00,400,3,8/15/19,10:20:00,800,12.9,VT004,D1177,G036,NA,1.75,556.308,NA,2040.670903,-0.772875716,7.777306862,-59.88725838
211,Creston,Up,8/15/19,9:00:00,400,3,8/15/19,10:21:00,798,12.9,NA,NA,NotEntered,NA,NA,NA,NA,NA,NA,NA,NA
212,Creston,Up,8/15/19,9:00:00,400,3,8/15/19,10:22:00,795,13,NA,NA,NotEntered,NA,NA,NA,NA,NA,NA,NA,NA
213,Creston,Up,8/15/19,9:00:00,400,3,8/15/19,10:23:00,793,13,NA,NA,NotEntered,NA,NA,NA,NA,NA,NA,NA,NA
214,Creston,Up,8/15/19,9:00:00,400,3,8/15/19,10:24:00,791,13,NA,NA,NotEntered,NA,NA,NA,NA,NA,NA,NA,NA
215,Creston,Up,8/15/19,9:00:00,400,3,8/15/19,10:25:00,790,13,VT003,NA,G029,NA,1.78,1631.838,NA,2080.179734,1.793998674,7.910583852,-60.14236514
216,Creston,Up,8/15/19,9:00:00,400,3,8/15/19,10:26:00,788,13.1,NA,NA,NotEntered,NA,NA,NA,NA,NA,NA,NA,NA
217,Creston,Up,8/15/19,9:00:00,400,3,8/15/19,10:27:00,787,13.1,NA,NA,NotEntered,NA,NA,NA,NA,NA,NA,NA,NA
218,Creston,Up,8/15/19,9:00:00,400,3,8/15/19,10:28:00,785,13.1,NA,NA,NotEntered,NA,NA,NA,NA,NA,NA,NA,NA
219,Creston,Up,8/15/19,9:00:00,400,3,8/15/19,10:29:00,783,13.1,NA,NA,NotEntered,NA,NA,NA,NA,NA,NA,NA,NA
220,Creston,Up,8/15/19,9:00:00,400,3,8/15/19,10:30:00,780,13.2,U036,NA,G053,NA,1.96,2609.883,NA,1925.322687,-5.607032875,6.934485474,-60.70241481
221,Creston,Up,8/15/19,9:00:00,400,3,8/15/19,10:31:00,778,13.2,NA,NA,NotEntered,NA,NA,NA,NA,NA,NA,NA,NA
222,Creston,Up,8/15/19,9:00:00,400,3,8/15/19,10:32:00,777,13.2,NA,NA,NotEntered,NA,NA,NA,NA,NA,NA,NA,NA
223,Creston,Up,8/15/19,9:00:00,400,3,8/15/19,10:33:00,775,13.2,NA,NA,NotEntered,NA,NA,NA,NA,NA,NA,NA,NA
224,Creston,Up,8/15/19,9:00:00,400,3,8/15/19,10:34:00,772,13.3,NA,NA,NotEntered,NA,NA,NA,NA,NA,NA,NA,NA
225,Creston,Up,8/15/19,9:00:00,400,3,8/15/19,10:35:00,770,13.3,VT006,D1188,G027,NA,1.82,2275.614,NA,2053.978796,-0.415391721,7.663392339,-60.59714255
226,Creston,Up,8/15/19,9:00:00,400,3,8/15/19,10:36:00,770,13.3,NA,NA,NotEntered,NA,NA,NA,NA,NA,NA,NA,NA
227,Creston,Up,8/15/19,9:00:00,400,3,8/15/19,10:37:00,768,13.3,NA,NA,NotEntered,NA,NA,NA,NA,NA,NA,NA,NA
228,Creston,Up,8/15/19,9:00:00,400,3,8/15/19,10:38:00,766,13.4,NA,NA,NotEntered,NA,NA,NA,NA,NA,NA,NA,NA
229,Creston,Up,8/15/19,9:00:00,400,3,8/15/19,10:39:00,764,13.4,NA,NA,NotEntered,NA,NA,NA,NA,NA,NA,NA,NA
230,Creston,Up,8/15/19,9:00:00,400,3,8/15/19,10:40:00,762,13.4,U006,NA,G052,NA,2.01,1748.606,NA,1733.864894,-4.590464569,7.462433691,-60.41445968
231,Creston,Up,8/15/19,9:00:00,400,3,8/15/19,10:41:00,761,13.4,NA,NA,NotEntered,NA,NA,NA,NA,NA,NA,NA,NA
232,Creston,Up,8/15/19,9:00:00,400,3,8/15/19,10:42:00,759,13.4,NA,NA,NotEntered,NA,NA,NA,NA,NA,NA,NA,NA
233,Creston,Up,8/15/19,9:00:00,400,3,8/15/19,10:43:00,757,13.5,NA,NA,NotEntered,NA,NA,NA,NA,NA,NA,NA,NA
234,Creston,Up,8/15/19,9:00:00,400,3,8/15/19,10:44:00,756,13.5,NA,NA,NotEntered,NA,NA,NA,NA,NA,NA,NA,NA
235,Creston,Up,8/15/19,9:00:00,400,3,8/15/19,10:45:00,755,13.5,NA,NA,NotEntered,NA,NA,NA,NA,NA,NA,NA,NA
236,Creston,Up,8/15/19,9:00:00,400,3,8/15/19,10:46:00,754,13.5,NA,NA,NotEntered,NA,NA,NA,NA,NA,NA,NA,NA
237,Creston,Up,8/15/19,9:00:00,400,3,8/15/19,10:47:00,753,13.6,NA,NA,NotEntered,NA,NA,NA,NA,NA,NA,NA,NA
238,Creston,Up,8/15/19,9:00:00,400,3,8/15/19,10:48:00,751,13.6,NA,NA,NotEntered,NA,NA,NA,NA,NA,NA,NA,NA
239,Creston,Up,8/15/19,9:00:00,400,3,8/15/19,10:49:00,750,13.6,NA,NA,NotEntered,NA,NA,NA,NA,NA,NA,NA,NA
240,Creston,Up,8/15/19,9:00:00,400,3,8/15/19,10:50:00,748,13.7,VT021,D1305,G056,NA,1.8,1357.185,5.28,1878.593603,-5.038616231,7.754243439,-61.4935482
241,Creston,Up,8/15/19,9:00:00,400,3,8/15/19,10:51:00,747,13.7,NA,NA,NotEntered,NA,NA,NA,NA,NA,NA,NA,NA
242,Creston,Up,8/15/19,9:00:00,400,3,8/15/19,10:52:00,746,13.7,NA,NA,NotEntered,NA,NA,NA,NA,NA,NA,NA,NA
243,Creston,Up,8/15/19,9:00:00,400,3,8/15/19,10:53:00,744,13.7,NA,NA,NotEntered,NA,NA,NA,NA,NA,NA,NA,NA
244,Creston,Up,8/15/19,9:00:00,400,3,8/15/19,10:54:00,742,13.8,NA,NA,NotEntered,NA,NA,NA,NA,NA,NA,NA,NA
245,Creston,Up,8/15/19,9:00:00,400,3,8/15/19,10:55:00,741,13.8,NA,NA,NotEntered,NA,NA,NA,NA,NA,NA,NA,NA
246,Creston,Up,8/15/19,9:00:00,400,3,8/15/19,10:56:00,740,13.8,NA,NA,NotEntered,NA,NA,NA,NA,NA,NA,NA,NA
247,Creston,Up,8/15/19,9:00:00,400,3,8/15/19,10:57:00,739,13.8,NA,NA,NotEntered,NA,NA,NA,NA,NA,NA,NA,NA
248,Creston,Up,8/15/19,9:00:00,400,3,8/15/19,10:58:00,738,13.9,NA,NA,NotEntered,NA,NA,NA,NA,NA,NA,NA,NA
249,Creston,Up,8/15/19,9:00:00,400,3,8/15/19,10:59:00,737,13.9,NA,NA,NotEntered,NA,NA,NA,NA,NA,NA,NA,NA
250,Creston,Up,8/15/19,9:00:00,400,3,8/15/19,11:00:00,736,13.9,VT008,NA,NotEntered,LOST SAMPLE DURING SHAKING,NA,NA,NA,1761.075709,-19.39398504,5.886030728,-56.38159143
251,Creston,Up,8/15/19,9:00:00,400,3,8/15/19,11:01:00,735,14,NA,NA,NotEntered,NA,NA,NA,NA,NA,NA,NA,NA
252,Creston,Up,8/15/19,9:00:00,400,3,8/15/19,11:02:00,733,14,NA,NA,NotEntered,NA,NA,NA,NA,NA,NA,NA,NA
253,Creston,Up,8/15/19,9:00:00,400,3,8/15/19,11:03:00,733,14,NA,NA,NotEntered,NA,NA,NA,NA,NA,NA,NA,NA
254,Creston,Up,8/15/19,9:00:00,400,3,8/15/19,11:04:00,732,14,NA,NA,NotEntered,NA,NA,NA,NA,NA,NA,NA,NA
255,Creston,Up,8/15/19,9:00:00,400,3,8/15/19,11:05:00,731,14.1,NA,NA,NotEntered,NA,NA,NA,NA,NA,NA,NA,NA
256,Creston,Up,8/15/19,9:00:00,400,3,8/15/19,11:06:00,731,14.1,NA,NA,NotEntered,NA,NA,NA,NA,NA,NA,NA,NA
257,Creston,Up,8/15/19,9:00:00,400,3,8/15/19,11:07:00,730,14.1,NA,NA,NotEntered,NA,NA,NA,NA,NA,NA,NA,NA
258,Creston,Up,8/15/19,9:00:00,400,3,8/15/19,11:08:00,730,14.2,NA,NA,NotEntered,NA,NA,NA,NA,NA,NA,NA,NA
259,Creston,Up,8/15/19,9:00:00,400,3,8/15/19,11:09:00,729,142,NA,NA,NotEntered,NA,NA,NA,NA,NA,NA,NA,NA
260,Creston,Up,8/15/19,9:00:00,400,3,8/15/19,11:10:00,728,14.2,NA,NA,NotEntered,NA,NA,NA,NA,NA,NA,NA,NA
261,Creston,Up,8/15/19,9:00:00,400,3,8/15/19,11:11:00,727,14.3,NA,NA,NotEntered,NA,NA,NA,NA,NA,NA,NA,NA
262,Creston,Up,8/15/19,9:00:00,400,3,8/15/19,11:12:00,726,14.3,NA,NA,NotEntered,NA,NA,NA,NA,NA,NA,NA,NA
263,Creston,Up,8/15/19,9:00:00,400,3,8/15/19,11:13:00,726,14.3,NA,NA,NotEntered,NA,NA,NA,NA,NA,NA,NA,NA
264,Creston,Up,8/15/19,9:00:00,400,3,8/15/19,11:14:00,725,14.4,NA,NA,NotEntered,NA,NA,NA,NA,NA,NA,NA,NA
265,Creston,Up,8/15/19,9:00:00,400,3,8/15/19,11:15:00,724,14.4,NA,NA,NotEntered,NA,NA,NA,NA,NA,NA,NA,NA
266,Creston,Up,8/15/19,9:00:00,400,3,8/15/19,11:16:00,723,14.4,NA,NA,NotEntered,NA,NA,NA,NA,NA,NA,NA,NA
267,Creston,Up,8/15/19,9:00:00,400,3,8/15/19,11:17:00,723,14.4,NA,NA,NotEntered,NA,NA,NA,NA,NA,NA,NA,NA
268,Creston,Up,8/15/19,9:00:00,400,3,8/15/19,11:18:00,721,14.5,NA,NA,NotEntered,NA,NA,NA,NA,NA,NA,NA,NA
269,Creston,Up,8/15/19,9:00:00,400,3,8/15/19,11:19:00,721,14.5,NA,NA,NotEntered,NA,NA,NA,NA,NA,NA,NA,NA
270,Creston,Up,8/15/19,9:00:00,400,3,8/15/19,11:20:00,720,14.5,NA,NA,NotEntered,NA,NA,NA,NA,NA,NA,NA,NA
271,Creston,Up,8/15/19,9:00:00,400,3,8/15/19,11:21:00,719,14.6,NA,NA,NotEntered,NA,NA,NA,NA,NA,NA,NA,NA
272,Creston,Up,8/15/19,9:00:00,400,3,8/15/19,11:22:00,719,14.6,NA,NA,NotEntered,NA,NA,NA,NA,NA,NA,NA,NA
273,Creston,Up,8/15/19,9:00:00,400,3,8/15/19,11:23:00,718,14.6,NA,NA,NotEntered,NA,NA,NA,NA,NA,NA,NA,NA
274,Creston,Up,8/15/19,9:00:00,400,3,8/15/19,11:24:00,717,14.7,NA,NA,NotEntered,NA,NA,NA,NA,NA,NA,NA,NA
275,Creston,Up,8/15/19,9:00:00,400,3,8/15/19,11:25:00,717,14.7,NA,NA,NotEntered,NA,NA,NA,NA,NA,NA,NA,NA
276,Creston,Up,8/15/19,9:00:00,400,3,8/15/19,11:26:00,717,14.7,NA,NA,NotEntered,NA,NA,NA,NA,NA,NA,NA,NA
277,Creston,Up,8/15/19,9:00:00,400,3,8/15/19,11:27:00,716,14.8,NA,NA,NotEntered,NA,NA,NA,NA,NA,NA,NA,NA
278,Creston,Up,8/15/19,9:00:00,400,3,8/15/19,11:28:00,716,14.8,NA,NA,NotEntered,NA,NA,NA,NA,NA,NA,NA,NA
279,Creston,Up,8/15/19,9:00:00,400,3,8/15/19,11:29:00,715,14.8,NA,NA,NotEntered,NA,NA,NA,NA,NA,NA,NA,NA
280,Creston,Up,8/15/19,9:00:00,400,3,8/15/19,11:30:00,714,14.9,VT015,NA,G033,NA,1.77,482.735,NA,2067.513199,-7.479975517,6.766646878,-59.58146433
281,Creston,Up,8/15/19,9:00:00,400,3,8/15/19,11:35:00,712,15,NA,NA,NotEntered,NA,NA,NA,NA,NA,NA,NA,NA
282,Creston,Up,8/15/19,9:00:00,400,3,8/15/19,11:40:00,710,15.2,NA,NA,NotEntered,NA,NA,NA,NA,NA,NA,NA,NA
283,Creston,Up,8/15/19,9:00:00,400,3,8/15/19,11:45:00,708,15.4,NA,NA,NotEntered,NA,NA,NA,NA,NA,NA,NA,NA
284,Creston,Up,8/15/19,9:00:00,400,3,8/15/19,11:50:00,707,15.5,NA,NA,NotEntered,NA,NA,NA,NA,NA,NA,NA,NA
285,Creston,Up,8/15/19,9:00:00,400,3,8/15/19,11:55:00,705,15.7,NA,NA,NotEntered,NA,NA,NA,NA,NA,NA,NA,NA
286,Creston,Up,8/15/19,9:00:00,400,3,8/15/19,12:00:30,703,15.9,VT026,D1247,G063,NA,1.9,121.879,NA,1911.642129,-10.30946758,5.420692626,-59.16509409
287,Creston,Up,8/15/19,9:00:00,400,3,8/15/19,12:05:00,700,16.1,NA,NA,NotEntered,NA,NA,NA,NA,NA,NA,NA,NA
288,Creston,Up,8/15/19,9:00:00,400,3,8/15/19,12:10:00,700,16.2,NA,NA,NotEntered,NA,NA,NA,NA,NA,NA,NA,NA
289,Creston,Up,8/15/19,9:00:00,400,3,8/15/19,12:15:00,698,16.4,NA,NA,NotEntered,NA,NA,NA,NA,NA,NA,NA,NA
290,Creston,Up,8/15/19,9:00:00,400,3,8/15/19,12:20:00,697,16.6,NA,NA,NotEntered,NA,NA,NA,NA,NA,NA,NA,NA
291,Creston,Up,8/15/19,9:00:00,400,3,8/15/19,12:25:00,695,16.8,NA,NA,NotEntered,NA,NA,NA,NA,NA,NA,NA,NA
292,Creston,Up,8/15/19,9:00:00,400,3,8/15/19,12:33:00,693,16.9,VT036,NA,G041,NA,2.21,73.585,NA,2227.038704,-12.24842958,4.694800153,-61.3586444
293,Creston,Up,8/15/19,9:00:00,400,3,8/15/19,13:00:00,687,18,VT005,NA,G051,NA,2.03,36.762,NA,1776.714692,-13.37950281,3.745864851,-57.90546608
294,Creston,Up,8/15/19,9:00:00,400,3,8/15/19,13:42:00,681,19.2,U031,D2107,G046,NA,1.96,20.944,5.08,1945.143767,-14.37881577,3.89636187,-63.33360077
295,Creston,Up,8/15/19,9:00:00,400,3,8/15/19,14:03:00,678,19.7,VT039,NA,G081,NA,2.95,-14.401,NA,1646.070869,-15.19200858,3.565572463,-61.53106364
296,Creston,Up,8/15/19,9:00:00,400,3,8/15/19,14:33:33,658,20.1,VT019,NA,G015,NA,58.6,-23.434,NA,1566.503933,-16.16835696,3.8691747,-61.02655199
297,Creston,Up,8/15/19,9:00:00,400,3,8/15/19,15:30:00,677,19.7,VT049,D1165,G080,NA,3.53,-16.234,NA,2097.346651,-17.50064338,5.107406321,-71.55941639
298,Creston,Up,8/15/19,9:00:00,400,3,8/15/19,16:30:00,679,19.3,VT037,NA,G066,NA,2.57,-15.41,NA,1812.550447,-17.71963205,4.194503846,-64.65435379
299,Creston,Up,8/15/19,9:00:00,400,3,8/15/19,17:30:00,679,19.5,U0315,D1278,NotEntered,CHECK SYRINGE ID - TOO MANY #S?,NA,NA,NA,NA,NA,NA,NA
300,Creston,Up,8/15/19,9:00:00,400,3,8/15/19,18:45:00,681,18.1,VT040,NA,G077,NA,2.36,-13.59,NA,1855.130156,-18.66282203,5.498591913,-59.44727372
301,Creston,Up,8/15/19,9:00:00,400,3,8/15/19,21:00:00,NA,NA,U033,NA,NotEntered,NA,NA,NA,NA,2336.260993,-20.92143758,6.554783343,-60.52374352
302,Creston,Up,8/15/19,9:00:00,400,3,8/15/19,21:00:00,NA,NA,U027,NA,NotEntered,NA,NA,NA,NA,2446.719458,-20.19690926,6.391387351,-60.01319479
303,Creston,Up,8/15/19,9:00:00,400,3,8/16/19,9:00:00,NA,NA,VT014,NA,NotEntered,NA,NA,NA,NA,2645.402193,-22.01930007,7.821270929,-61.08541941
304,Creston,Up,8/15/19,9:00:00,400,3,8/16/19,9:00:00,NA,NA,VT035,NA,NotEntered,NA,NA,NA,NA,2671.613867,-22.01428053,7.956783354,-60.502733